"Run","geo_accession","source_name_ch1","description","Model","instrument","runID","fcID","fcLane","hour","sampleType","control","debris","numcells","sampleName","cell_id","det_rate"
"SRR1032910","GSM1268960","Myoblast_Cell T0_CT_A","T0_CT_A01","Illumina HiSeq 2500","HWI-ST1233","229","H0L2PADXX","1","0h","SC","control well: FALSE","debris: FALSE","cells in well: 1","T0_CT_A01","0h_GSM1268960",0.156446007797932
"SRR1032911","GSM1268961","Myoblast_Cell T0_CT_A","T0_CT_A02","Illumina HiSeq 2500","HWI-ST1233","229","H0L2PADXX","1","0h","SC","control well: FALSE","debris: FALSE","cells in well: 1","T0_CT_A02","0h_GSM1268961",0.1616375656891
"SRR1032912","GSM1268962","Myoblast_Cell T0_CT_A","T0_CT_A03","Illumina HiSeq 2500","HWI-ST1233","229","H0L2PADXX","1","0h","SC","control well: FALSE","debris: FALSE","cells in well: 1","T0_CT_A03","0h_GSM1268962",0.153670113578573
"SRR1032913","GSM1268963","Myoblast_Cell T0_CT_A","T0_CT_A04","Illumina HiSeq 2500","HWI-ST1233","229","H0L2PADXX","1","0h","SC","control well: FALSE","debris: FALSE","cells in well: 2","T0_CT_A04","0h_GSM1268963",0.168058145448381
"SRR1032914","GSM1268964","Myoblast_Cell T0_CT_A","T0_CT_A05","Illumina HiSeq 2500","HWI-ST1233","229","H0L2PADXX","1","0h","SC","control well: FALSE","debris: FALSE","cells in well: 1","T0_CT_A05","0h_GSM1268964",0.157018138667571
"SRR1032915","GSM1268965","Myoblast_Cell T0_CT_A","T0_CT_A06","Illumina HiSeq 2500","HWI-ST1233","229","H0L2PADXX","1","0h","SC","control well: FALSE","debris: FALSE","cells in well: 1","T0_CT_A06","0h_GSM1268965",0.124343109001526
"SRR1032916","GSM1268966","Myoblast_Cell T0_CT_A","T0_CT_A07","Illumina HiSeq 2500","HWI-ST1233","229","H0L2PADXX","1","0h","SC","control well: FALSE","debris: FALSE","cells in well: 1","T0_CT_A07","0h_GSM1268966",0.13714188845567
"SRR1032917","GSM1268967","Myoblast_Cell T0_CT_A","T0_CT_A08","Illumina HiSeq 2500","HWI-ST1233","229","H0L2PADXX","1","0h","SC","control well: FALSE","debris: FALSE","cells in well: 1","T0_CT_A08","0h_GSM1268967",0.13659094761824
"SRR1032918","GSM1268968","Myoblast_Cell T0_CT_A","T0_CT_A09","Illumina HiSeq 2500","HWI-ST1233","229","H0L2PADXX","1","0h","SC","control well: FALSE","debris: FALSE","cells in well: 1","T0_CT_A09","0h_GSM1268968",0.157823359891507
"SRR1032919","GSM1268969","Myoblast_Cell T0_CT_A","T0_CT_A10","Illumina HiSeq 2500","HWI-ST1233","229","H0L2PADXX","1","0h","SC","control well: FALSE","debris: FALSE","cells in well: 1","T0_CT_A10","0h_GSM1268969",0.125868791320563
"SRR1032920","GSM1268970","Myoblast_Cell T0_CT_A","T0_CT_A11","Illumina HiSeq 2500","HWI-ST1233","229","H0L2PADXX","1","0h","SC","control well: FALSE","debris: FALSE","cells in well: 1","T0_CT_A11","0h_GSM1268970",0.0291998643837939
"SRR1032921","GSM1268971","Myoblast_Cell T0_CT_A","T0_CT_A12","Illumina HiSeq 2500","HWI-ST1233","229","H0L2PADXX","1","0h","SC","control well: FALSE","debris: FALSE","cells in well: 1","T0_CT_A12","0h_GSM1268971",0.120465333107306
"SRR1032922","GSM1268972","Myoblast_Cell T0_CT_B","T0_CT_B01","Illumina HiSeq 2500","HWI-ST1233","229","H0L2PADXX","1","0h","SC","control well: FALSE","debris: FALSE","cells in well: 1","T0_CT_B01","0h_GSM1268972",0.107348703170029
"SRR1032923","GSM1268973","Myoblast_Cell T0_CT_B","T0_CT_B02","Illumina HiSeq 2500","HWI-ST1233","229","H0L2PADXX","1","0h","SC","control well: TRUE","debris: FALSE","cells in well: ~250","T0_CT_B02","0h_GSM1268973",0.197300389896593
"SRR1032924","GSM1268974","Myoblast_Cell T0_CT_B","T0_CT_B03","Illumina HiSeq 2500","HWI-ST1233","229","H0L2PADXX","1","0h","SC","control well: FALSE","debris: FALSE","cells in well: 1","T0_CT_B03","0h_GSM1268974",0.133560773012375
"SRR1032925","GSM1268975","Myoblast_Cell T0_CT_B","T0_CT_B04","Illumina HiSeq 2500","HWI-ST1233","229","H0L2PADXX","1","0h","SC","control well: FALSE","debris: FALSE","cells in well: 0","T0_CT_B04","0h_GSM1268975",0.0110611968130192
"SRR1032926","GSM1268976","Myoblast_Cell T0_CT_B","T0_CT_B05","Illumina HiSeq 2500","HWI-ST1233","229","H0L2PADXX","1","0h","SC","control well: FALSE","debris: FALSE","cells in well: 1","T0_CT_B05","0h_GSM1268976",0.139472791998644
"SRR1032927","GSM1268977","Myoblast_Cell T0_CT_B","T0_CT_B06","Illumina HiSeq 2500","HWI-ST1233","229","H0L2PADXX","1","0h","SC","control well: FALSE","debris: FALSE","cells in well: 1","T0_CT_B06","0h_GSM1268977",0.131929140532294
"SRR1032928","GSM1268978","Myoblast_Cell T0_CT_B","T0_CT_B07","Illumina HiSeq 2500","HWI-ST1233","229","H0L2PADXX","1","0h","SC","control well: FALSE","debris: FALSE","cells in well: 1","T0_CT_B07","0h_GSM1268978",0.129810137311409
"SRR1032929","GSM1268979","Myoblast_Cell T0_CT_B","T0_CT_B08","Illumina HiSeq 2500","HWI-ST1233","229","H0L2PADXX","1","0h","SC","control well: FALSE","debris: FALSE","cells in well: 1","T0_CT_B08","0h_GSM1268979",0.140129682997118
"SRR1032930","GSM1268980","Myoblast_Cell T0_CT_B","T0_CT_B09","Illumina HiSeq 2500","HWI-ST1233","229","H0L2PADXX","1","0h","SC","control well: FALSE","debris: FALSE","cells in well: 1","T0_CT_B09","0h_GSM1268980",0.144770300050856
"SRR1032931","GSM1268981","Myoblast_Cell T0_CT_B","T0_CT_B10","Illumina HiSeq 2500","HWI-ST1233","229","H0L2PADXX","1","0h","SC","control well: FALSE","debris: FALSE","cells in well: 1","T0_CT_B10","0h_GSM1268981",0.00786150194948296
"SRR1032932","GSM1268982","Myoblast_Cell T0_CT_B","T0_CT_B11","Illumina HiSeq 2500","HWI-ST1233","229","H0L2PADXX","1","0h","SC","control well: FALSE","debris: FALSE","cells in well: 0","T0_CT_B11","0h_GSM1268982",0.0784666892693677
"SRR1032933","GSM1268983","Myoblast_Cell T0_CT_B","T0_CT_B12","Illumina HiSeq 2500","HWI-ST1233","229","H0L2PADXX","1","0h","SC","control well: FALSE","debris: FALSE","cells in well: 1","T0_CT_B12","0h_GSM1268983",0.140383963383624
"SRR1032934","GSM1268984","Myoblast_Cell T0_CT_C","T0_CT_C01","Illumina HiSeq 2500","HWI-ST1233","229","H0L2PADXX","1","0h","SC","control well: TRUE","debris: FALSE","cells in well: ~250","T0_CT_C01","0h_GSM1268984",0.11487116460417
"SRR1032935","GSM1268985","Myoblast_Cell T0_CT_C","T0_CT_C02","Illumina HiSeq 2500","HWI-ST1233","229","H0L2PADXX","1","0h","SC","control well: FALSE","debris: FALSE","cells in well: 1","T0_CT_C02","0h_GSM1268985",0.13788353958298
"SRR1032936","GSM1268986","Myoblast_Cell T0_CT_C","T0_CT_C03","Illumina HiSeq 2500","HWI-ST1233","229","H0L2PADXX","1","0h","SC","control well: FALSE","debris: FALSE","cells in well: 1","T0_CT_C03","0h_GSM1268986",0.132077470757756
"SRR1032937","GSM1268987","Myoblast_Cell T0_CT_C","T0_CT_C04","Illumina HiSeq 2500","HWI-ST1233","229","H0L2PADXX","1","0h","SC","control well: FALSE","debris: FALSE","cells in well: 1","T0_CT_C04","0h_GSM1268987",0.0140066112900492
"SRR1032938","GSM1268988","Myoblast_Cell T0_CT_C","T0_CT_C05","Illumina HiSeq 2500","HWI-ST1233","229","H0L2PADXX","1","0h","SC","control well: FALSE","debris: FALSE","cells in well: 1","T0_CT_C05","0h_GSM1268988",0.118812510595016
"SRR1032939","GSM1268989","Myoblast_Cell T0_CT_C","T0_CT_C06","Illumina HiSeq 2500","HWI-ST1233","229","H0L2PADXX","1","0h","SC","control well: FALSE","debris: FALSE","cells in well: 1","T0_CT_C06","0h_GSM1268989",0.116863027631802
"SRR1032940","GSM1268990","Myoblast_Cell T0_CT_C","T0_CT_C07","Illumina HiSeq 2500","HWI-ST1233","229","H0L2PADXX","1","0h","SC","control well: FALSE","debris: FALSE","cells in well: 1","T0_CT_C07","0h_GSM1268990",0.114913544668588
"SRR1032941","GSM1268991","Myoblast_Cell T0_CT_C","T0_CT_C08","Illumina HiSeq 2500","HWI-ST1233","229","H0L2PADXX","1","0h","SC","control well: FALSE","debris: FALSE","cells in well: 1","T0_CT_C08","0h_GSM1268991",0.138264960162739
"SRR1032942","GSM1268992","Myoblast_Cell T0_CT_C","T0_CT_C09","Illumina HiSeq 2500","HWI-ST1233","229","H0L2PADXX","1","0h","SC","control well: FALSE","debris: FALSE","cells in well: 1","T0_CT_C09","0h_GSM1268992",0.0654136294287167
"SRR1032943","GSM1268993","Myoblast_Cell T0_CT_C","T0_CT_C10","Illumina HiSeq 2500","HWI-ST1233","229","H0L2PADXX","1","0h","SC","control well: FALSE","debris: FALSE","cells in well: 1","T0_CT_C10","0h_GSM1268993",0.00966265468723512
"SRR1032944","GSM1268994","Myoblast_Cell T0_CT_C","T0_CT_C11","Illumina HiSeq 2500","HWI-ST1233","229","H0L2PADXX","1","0h","SC","control well: FALSE","debris: FALSE","cells in well: 1","T0_CT_C11","0h_GSM1268994",0.111840989998305
"SRR1032945","GSM1268995","Myoblast_Cell T0_CT_C","T0_CT_C12","Illumina HiSeq 2500","HWI-ST1233","229","H0L2PADXX","1","0h","SC","control well: FALSE","debris: FALSE","cells in well: 1","T0_CT_C12","0h_GSM1268995",0.137586879132056
"SRR1032946","GSM1268996","Myoblast_Cell T0_CT_D","T0_CT_D01","Illumina HiSeq 2500","HWI-ST1233","229","H0L2PADXX","1","0h","SC","control well: FALSE","debris: FALSE","cells in well: 1","T0_CT_D01","0h_GSM1268996",0.148181895236481
"SRR1032947","GSM1268997","Myoblast_Cell T0_CT_D","T0_CT_D02","Illumina HiSeq 2500","HWI-ST1233","229","H0L2PADXX","1","0h","SC","control well: FALSE","debris: FALSE","cells in well: 1","T0_CT_D02","0h_GSM1268997",0.114341413798949
"SRR1032948","GSM1268998","Myoblast_Cell T0_CT_D","T0_CT_D03","Illumina HiSeq 2500","HWI-ST1233","229","H0L2PADXX","1","0h","SC","control well: FALSE","debris: FALSE","cells in well: 1","T0_CT_D03","0h_GSM1268998",0.152462281742668
"SRR1032949","GSM1268999","Myoblast_Cell T0_CT_D","T0_CT_D04","Illumina HiSeq 2500","HWI-ST1233","229","H0L2PADXX","1","0h","SC","control well: FALSE","debris: FALSE","cells in well: 1","T0_CT_D04","0h_GSM1268999",0.0102983556535006
"SRR1032950","GSM1269000","Myoblast_Cell T0_CT_D","T0_CT_D05","Illumina HiSeq 2500","HWI-ST1233","229","H0L2PADXX","1","0h","SC","control well: FALSE","debris: FALSE","cells in well: 1","T0_CT_D05","0h_GSM1269000",0.120126292591965
"SRR1032951","GSM1269001","Myoblast_Cell T0_CT_D","T0_CT_D06","Illumina HiSeq 2500","HWI-ST1233","229","H0L2PADXX","1","0h","SC","control well: FALSE","debris: FALSE","cells in well: 1","T0_CT_D06","0h_GSM1269001",0.118664180369554
"SRR1032952","GSM1269002","Myoblast_Cell T0_CT_D","T0_CT_D07","Illumina HiSeq 2500","HWI-ST1233","229","H0L2PADXX","1","0h","SC","control well: FALSE","debris: FALSE","cells in well: 1","T0_CT_D07","0h_GSM1269002",0.137035938294626
"SRR1032953","GSM1269003","Myoblast_Cell T0_CT_D","T0_CT_D08","Illumina HiSeq 2500","HWI-ST1233","229","H0L2PADXX","1","0h","SC","control well: FALSE","debris: FALSE","cells in well: 1","T0_CT_D08","0h_GSM1269003",0.126525682319037
"SRR1032954","GSM1269004","Myoblast_Cell T0_CT_D","T0_CT_D09","Illumina HiSeq 2500","HWI-ST1233","229","H0L2PADXX","1","0h","SC","control well: FALSE","debris: FALSE","cells in well: 1","T0_CT_D09","0h_GSM1269004",0.13383624343109
"SRR1032955","GSM1269005","Myoblast_Cell T0_CT_D","T0_CT_D10","Illumina HiSeq 2500","HWI-ST1233","229","H0L2PADXX","1","0h","SC","control well: FALSE","debris: FALSE","cells in well: 2","T0_CT_D10","0h_GSM1269005",0.00680200033904052
"SRR1032956","GSM1269006","Myoblast_Cell T0_CT_D","T0_CT_D11","Illumina HiSeq 2500","HWI-ST1233","229","H0L2PADXX","1","0h","SC","control well: FALSE","debris: FALSE","cells in well: 1","T0_CT_D11","0h_GSM1269006",0.11946940159349
"SRR1032957","GSM1269007","Myoblast_Cell T0_CT_D","T0_CT_D12","Illumina HiSeq 2500","HWI-ST1233","229","H0L2PADXX","1","0h","SC","control well: FALSE","debris: FALSE","cells in well: 1","T0_CT_D12","0h_GSM1269007",0.132607221562977
"SRR1032958","GSM1269008","Myoblast_Cell T0_CT_E","T0_CT_E01","Illumina HiSeq 2500","HWI-ST1233","229","H0L2PADXX","1","0h","SC","control well: FALSE","debris: FALSE","cells in well: 1","T0_CT_E01","0h_GSM1269008",0.141337514833023
"SRR1032959","GSM1269009","Myoblast_Cell T0_CT_E","T0_CT_E02","Illumina HiSeq 2500","HWI-ST1233","229","H0L2PADXX","1","0h","SC","control well: FALSE","debris: FALSE","cells in well: 2","T0_CT_E02","0h_GSM1269009",0.135446685878963
"SRR1032960","GSM1269010","Myoblast_Cell T0_CT_E","T0_CT_E03","Illumina HiSeq 2500","HWI-ST1233","229","H0L2PADXX","1","0h","SC","control well: FALSE","debris: FALSE","cells in well: 1","T0_CT_E03","0h_GSM1269010",0.132607221562977
"SRR1032961","GSM1269011","Myoblast_Cell T0_CT_E","T0_CT_E04","Illumina HiSeq 2500","HWI-ST1233","229","H0L2PADXX","1","0h","SC","control well: FALSE","debris: FALSE","cells in well: 1","T0_CT_E04","0h_GSM1269011",0.120910323783692
"SRR1032962","GSM1269012","Myoblast_Cell T0_CT_E","T0_CT_E05","Illumina HiSeq 2500","HWI-ST1233","229","H0L2PADXX","1","0h","SC","control well: FALSE","debris: FALSE","cells in well: 1","T0_CT_E05","0h_GSM1269012",0.0970503475165282
"SRR1032963","GSM1269013","Myoblast_Cell T0_CT_E","T0_CT_E06","Illumina HiSeq 2500","HWI-ST1233","229","H0L2PADXX","1","0h","SC","control well: FALSE","debris: FALSE","cells in well: 1","T0_CT_E06","0h_GSM1269013",0.114955924733006
"SRR1032964","GSM1269014","Myoblast_Cell T0_CT_E","T0_CT_E07","Illumina HiSeq 2500","HWI-ST1233","229","H0L2PADXX","1","0h","SC","control well: FALSE","debris: FALSE","cells in well: 1","T0_CT_E07","0h_GSM1269014",0.115189015087303
"SRR1032965","GSM1269015","Myoblast_Cell T0_CT_E","T0_CT_E08","Illumina HiSeq 2500","HWI-ST1233","229","H0L2PADXX","1","0h","SC","control well: FALSE","debris: FALSE","cells in well: 1","T0_CT_E08","0h_GSM1269015",0.137544499067639
"SRR1032966","GSM1269016","Myoblast_Cell T0_CT_E","T0_CT_E09","Illumina HiSeq 2500","HWI-ST1233","229","H0L2PADXX","1","0h","SC","control well: FALSE","debris: FALSE","cells in well: 1","T0_CT_E09","0h_GSM1269016",0.133899813527717
"SRR1032967","GSM1269017","Myoblast_Cell T0_CT_E","T0_CT_E10","Illumina HiSeq 2500","HWI-ST1233","229","H0L2PADXX","1","0h","SC","control well: FALSE","debris: FALSE","cells in well: 1","T0_CT_E10","0h_GSM1269017",0.0467452110527208
"SRR1032968","GSM1269018","Myoblast_Cell T0_CT_E","T0_CT_E11","Illumina HiSeq 2500","HWI-ST1233","229","H0L2PADXX","1","0h","SC","control well: FALSE","debris: FALSE","cells in well: 1","T0_CT_E11","0h_GSM1269018",0.11137480928971
"SRR1032969","GSM1269019","Myoblast_Cell T0_CT_E","T0_CT_E12","Illumina HiSeq 2500","HWI-ST1233","229","H0L2PADXX","1","0h","SC","control well: FALSE","debris: FALSE","cells in well: 1","T0_CT_E12","0h_GSM1269019",0.102792846245126
"SRR1032970","GSM1269020","Myoblast_Cell T0_CT_F","T0_CT_F01","Illumina HiSeq 2500","HWI-ST1233","229","H0L2PADXX","1","0h","SC","control well: FALSE","debris: FALSE","cells in well: 1","T0_CT_F01","0h_GSM1269020",0.147927614849975
"SRR1032971","GSM1269021","Myoblast_Cell T0_CT_F","T0_CT_F02","Illumina HiSeq 2500","HWI-ST1233","229","H0L2PADXX","1","0h","SC","control well: FALSE","debris: FALSE","cells in well: 1","T0_CT_F02","0h_GSM1269021",0.112222410578064
"SRR1032972","GSM1269022","Myoblast_Cell T0_CT_F","T0_CT_F03","Illumina HiSeq 2500","HWI-ST1233","229","H0L2PADXX","1","0h","SC","control well: FALSE","debris: FALSE","cells in well: 1","T0_CT_F03","0h_GSM1269022",0.142100355992541
"SRR1032973","GSM1269023","Myoblast_Cell T0_CT_F","T0_CT_F04","Illumina HiSeq 2500","HWI-ST1233","229","H0L2PADXX","1","0h","SC","control well: FALSE","debris: FALSE","cells in well: 1","T0_CT_F04","0h_GSM1269023",0.122012205458552
"SRR1032974","GSM1269024","Myoblast_Cell T0_CT_F","T0_CT_F05","Illumina HiSeq 2500","HWI-ST1233","229","H0L2PADXX","1","0h","SC","control well: FALSE","debris: FALSE","cells in well: 1","T0_CT_F05","0h_GSM1269024",0.111078148838786
"SRR1032975","GSM1269025","Myoblast_Cell T0_CT_F","T0_CT_F06","Illumina HiSeq 2500","HWI-ST1233","229","H0L2PADXX","1","0h","SC","control well: FALSE","debris: FALSE","cells in well: 1","T0_CT_F06","0h_GSM1269025",0.149898287845398
"SRR1032976","GSM1269026","Myoblast_Cell T0_CT_F","T0_CT_F07","Illumina HiSeq 2500","HWI-ST1233","229","H0L2PADXX","1","0h","SC","control well: FALSE","debris: FALSE","cells in well: 1","T0_CT_F07","0h_GSM1269026",0.138201390066113
"SRR1032977","GSM1269027","Myoblast_Cell T0_CT_F","T0_CT_F08","Illumina HiSeq 2500","HWI-ST1233","229","H0L2PADXX","1","0h","SC","control well: FALSE","debris: FALSE","cells in well: 0","T0_CT_F08","0h_GSM1269027",0.105695880657739
"SRR1032978","GSM1269028","Myoblast_Cell T0_CT_F","T0_CT_F09","Illumina HiSeq 2500","HWI-ST1233","229","H0L2PADXX","1","0h","SC","control well: FALSE","debris: FALSE","cells in well: 1","T0_CT_F09","0h_GSM1269028",0.1178165790812
"SRR1032979","GSM1269029","Myoblast_Cell T0_CT_F","T0_CT_F10","Illumina HiSeq 2500","HWI-ST1233","229","H0L2PADXX","1","0h","SC","control well: FALSE","debris: FALSE","cells in well: 0","T0_CT_F10","0h_GSM1269029",0.00968384471944397
"SRR1032980","GSM1269030","Myoblast_Cell T0_CT_F","T0_CT_F11","Illumina HiSeq 2500","HWI-ST1233","229","H0L2PADXX","1","0h","SC","control well: FALSE","debris: FALSE","cells in well: 1","T0_CT_F11","0h_GSM1269030",0.102135955246652
"SRR1032981","GSM1269031","Myoblast_Cell T0_CT_F","T0_CT_F12","Illumina HiSeq 2500","HWI-ST1233","229","H0L2PADXX","1","0h","SC","control well: FALSE","debris: FALSE","cells in well: 1","T0_CT_F12","0h_GSM1269031",0.127775894219359
"SRR1032982","GSM1269032","Myoblast_Cell T0_CT_G","T0_CT_G01","Illumina HiSeq 2500","HWI-ST1233","229","H0L2PADXX","1","0h","SC","control well: FALSE","debris: FALSE","cells in well: 1","T0_CT_G01","0h_GSM1269032",0.14892354636379
"SRR1032983","GSM1269033","Myoblast_Cell T0_CT_G","T0_CT_G02","Illumina HiSeq 2500","HWI-ST1233","229","H0L2PADXX","1","0h","SC","control well: FALSE","debris: FALSE","cells in well: 1","T0_CT_G02","0h_GSM1269033",0.127606373961688
"SRR1032984","GSM1269034","Myoblast_Cell T0_CT_G","T0_CT_G03","Illumina HiSeq 2500","HWI-ST1233","229","H0L2PADXX","1","0h","SC","control well: FALSE","debris: FALSE","cells in well: 1","T0_CT_G03","0h_GSM1269034",0.113197152059671
"SRR1032985","GSM1269035","Myoblast_Cell T0_CT_G","T0_CT_G04","Illumina HiSeq 2500","HWI-ST1233","229","H0L2PADXX","1","0h","SC","control well: FALSE","debris: FALSE","cells in well: 1","T0_CT_G04","0h_GSM1269035",0.124512629259196
"SRR1032986","GSM1269036","Myoblast_Cell T0_CT_G","T0_CT_G05","Illumina HiSeq 2500","HWI-ST1233","229","H0L2PADXX","1","0h","SC","control well: FALSE","debris: FALSE","cells in well: 2","T0_CT_G05","0h_GSM1269036",0.140299203254789
"SRR1032987","GSM1269037","Myoblast_Cell T0_CT_G","T0_CT_G06","Illumina HiSeq 2500","HWI-ST1233","229","H0L2PADXX","1","0h","SC","control well: FALSE","debris: FALSE","cells in well: 0","T0_CT_G06","0h_GSM1269037",0.0410662824207493
"SRR1032988","GSM1269038","Myoblast_Cell T0_CT_G","T0_CT_G07","Illumina HiSeq 2500","HWI-ST1233","229","H0L2PADXX","1","0h","SC","control well: FALSE","debris: FALSE","cells in well: 1","T0_CT_G07","0h_GSM1269038",0.130276318020003
"SRR1032989","GSM1269039","Myoblast_Cell T0_CT_G","T0_CT_G08","Illumina HiSeq 2500","HWI-ST1233","229","H0L2PADXX","1","0h","SC","control well: FALSE","debris: FALSE","cells in well: 1","T0_CT_G08","0h_GSM1269039",0.120889133751483
"SRR1032990","GSM1269040","Myoblast_Cell T0_CT_G","T0_CT_G09","Illumina HiSeq 2500","HWI-ST1233","229","H0L2PADXX","1","0h","SC","control well: FALSE","debris: FALSE","cells in well: 1","T0_CT_G09","0h_GSM1269040",0.132141040854382
"SRR1032991","GSM1269041","Myoblast_Cell T0_CT_G","T0_CT_G10","Illumina HiSeq 2500","HWI-ST1233","229","H0L2PADXX","1","0h","SC","control well: FALSE","debris: FALSE","cells in well: 1","T0_CT_G10","0h_GSM1269041",0.00923885404305815
"SRR1032992","GSM1269042","Myoblast_Cell T0_CT_G","T0_CT_G11","Illumina HiSeq 2500","HWI-ST1233","229","H0L2PADXX","1","0h","SC","control well: FALSE","debris: FALSE","cells in well: 1","T0_CT_G11","0h_GSM1269042",0.124597389388032
"SRR1032993","GSM1269043","Myoblast_Cell T0_CT_G","T0_CT_G12","Illumina HiSeq 2500","HWI-ST1233","229","H0L2PADXX","1","0h","SC","control well: FALSE","debris: FALSE","cells in well: 0","T0_CT_G12","0h_GSM1269043",0.146825733175114
"SRR1032994","GSM1269044","Myoblast_Cell T0_CT_H","T0_CT_H01","Illumina HiSeq 2500","HWI-ST1233","229","H0L2PADXX","1","0h","SC","control well: FALSE","debris: FALSE","cells in well: 1","T0_CT_H01","0h_GSM1269044",0.118960840820478
"SRR1032995","GSM1269045","Myoblast_Cell T0_CT_H","T0_CT_H02","Illumina HiSeq 2500","HWI-ST1233","229","H0L2PADXX","1","0h","SC","control well: FALSE","debris: FALSE","cells in well: 1","T0_CT_H02","0h_GSM1269045",0.132013900661129
"SRR1032996","GSM1269046","Myoblast_Cell T0_CT_H","T0_CT_H03","Illumina HiSeq 2500","HWI-ST1233","229","H0L2PADXX","1","0h","SC","control well: FALSE","debris: FALSE","cells in well: 1","T0_CT_H03","0h_GSM1269046",0.148838786234955
"SRR1032997","GSM1269047","Myoblast_Cell T0_CT_H","T0_CT_H04","Illumina HiSeq 2500","HWI-ST1233","229","H0L2PADXX","1","0h","SC","control well: FALSE","debris: FALSE","cells in well: 1","T0_CT_H04","0h_GSM1269047",0.118770130530598
"SRR1032998","GSM1269048","Myoblast_Cell T0_CT_H","T0_CT_H05","Illumina HiSeq 2500","HWI-ST1233","229","H0L2PADXX","1","0h","SC","control well: FALSE","debris: FALSE","cells in well: 1","T0_CT_H05","0h_GSM1269048",0.113239532124089
"SRR1032999","GSM1269049","Myoblast_Cell T0_CT_H","T0_CT_H06","Illumina HiSeq 2500","HWI-ST1233","229","H0L2PADXX","1","0h","SC","control well: FALSE","debris: TRUE","cells in well: 1","T0_CT_H06","0h_GSM1269049",0.0249194778776064
"SRR1033000","GSM1269050","Myoblast_Cell T0_CT_H","T0_CT_H07","Illumina HiSeq 2500","HWI-ST1233","229","H0L2PADXX","1","0h","SC","control well: FALSE","debris: FALSE","cells in well: 0","T0_CT_H07","0h_GSM1269050",0.106628242074928
"SRR1033001","GSM1269051","Myoblast_Cell T0_CT_H","T0_CT_H08","Illumina HiSeq 2500","HWI-ST1233","229","H0L2PADXX","1","0h","SC","control well: FALSE","debris: FALSE","cells in well: 1","T0_CT_H08","0h_GSM1269051",0.123262417358874
"SRR1033002","GSM1269052","Myoblast_Cell T0_CT_H","T0_CT_H09","Illumina HiSeq 2500","HWI-ST1233","229","H0L2PADXX","1","0h","SC","control well: FALSE","debris: FALSE","cells in well: 1","T0_CT_H09","0h_GSM1269052",0.114108323444652
"SRR1033003","GSM1269053","Myoblast_Cell T0_CT_H","T0_CT_H10","Illumina HiSeq 2500","HWI-ST1233","229","H0L2PADXX","1","0h","SC","control well: FALSE","debris: FALSE","cells in well: 1","T0_CT_H10","0h_GSM1269053",0.00926004407526699
"SRR1033004","GSM1269054","Myoblast_Cell T0_CT_H","T0_CT_H11","Illumina HiSeq 2500","HWI-ST1233","229","H0L2PADXX","1","0h","SC","control well: FALSE","debris: FALSE","cells in well: 0","T0_CT_H11","0h_GSM1269054",0.0617477538565859
"SRR1033005","GSM1269055","Myoblast_Cell T0_CT_H","T0_CT_H12","Illumina HiSeq 2500","HWI-ST1233","229","H0L2PADXX","1","0h","SC","control well: FALSE","debris: FALSE","cells in well: 1","T0_CT_H12","0h_GSM1269055",0.104254958467537
"SRR1033006","GSM1269056","Myoblast_Cell T24_CT_A","T24_CT_A01","Illumina HiSeq 2500","HWI-ST1233","226","H0NF2ADXX","1","24h","SC","control well: FALSE","debris: FALSE","cells in well: 1","T24_CT_A01","24h_GSM1269056",0.110166977453806
"SRR1033007","GSM1269057","Myoblast_Cell T24_CT_A","T24_CT_A02","Illumina HiSeq 2500","HWI-ST1233","226","H0NF2ADXX","1","24h","SC","control well: TRUE","debris: FALSE","cells in well: ~250","T24_CT_A02","24h_GSM1269057",0.155725546702831
"SRR1033008","GSM1269058","Myoblast_Cell T24_CT_A","T24_CT_A03","Illumina HiSeq 2500","HWI-ST1233","226","H0NF2ADXX","1","24h","SC","control well: FALSE","debris: FALSE","cells in well: 1","T24_CT_A03","24h_GSM1269058",0.136336667231734
"SRR1033009","GSM1269059","Myoblast_Cell T24_CT_A","T24_CT_A04","Illumina HiSeq 2500","HWI-ST1233","226","H0NF2ADXX","1","24h","SC","control well: FALSE","debris: FALSE","cells in well: 1","T24_CT_A04","24h_GSM1269059",0.119956772334294
"SRR1033010","GSM1269060","Myoblast_Cell T24_CT_A","T24_CT_A05","Illumina HiSeq 2500","HWI-ST1233","226","H0NF2ADXX","1","24h","SC","control well: FALSE","debris: FALSE","cells in well: 1","T24_CT_A05","24h_GSM1269060",0.100716223088659
"SRR1033011","GSM1269061","Myoblast_Cell T24_CT_A","T24_CT_A06","Illumina HiSeq 2500","HWI-ST1233","226","H0NF2ADXX","1","24h","SC","control well: FALSE","debris: FALSE","cells in well: 0","T24_CT_A06","24h_GSM1269061",0.0513646380742499
"SRR1033012","GSM1269062","Myoblast_Cell T24_CT_A","T24_CT_A07","Illumina HiSeq 2500","HWI-ST1233","226","H0NF2ADXX","1","24h","SC","control well: FALSE","debris: FALSE","cells in well: 1","T24_CT_A07","24h_GSM1269062",0.116312086794372
"SRR1033013","GSM1269063","Myoblast_Cell T24_CT_A","T24_CT_A08","Illumina HiSeq 2500","HWI-ST1233","226","H0NF2ADXX","1","24h","SC","control well: FALSE","debris: FALSE","cells in well: 1","T24_CT_A08","24h_GSM1269063",0.131929140532294
"SRR1033014","GSM1269064","Myoblast_Cell T24_CT_A","T24_CT_A09","Illumina HiSeq 2500","HWI-ST1233","226","H0NF2ADXX","1","24h","SC","control well: FALSE","debris: FALSE","cells in well: 1","T24_CT_A09","24h_GSM1269064",0.10493303949822
"SRR1033015","GSM1269065","Myoblast_Cell T24_CT_A","T24_CT_A10","Illumina HiSeq 2500","HWI-ST1233","226","H0NF2ADXX","1","24h","SC","control well: FALSE","debris: FALSE","cells in well: 1","T24_CT_A10","24h_GSM1269065",0.115400915409391
"SRR1033016","GSM1269066","Myoblast_Cell T24_CT_A","T24_CT_A11","Illumina HiSeq 2500","HWI-ST1233","226","H0NF2ADXX","1","24h","SC","control well: FALSE","debris: FALSE","cells in well: 0","T24_CT_A11","24h_GSM1269066",0.0452619087981014
"SRR1033017","GSM1269067","Myoblast_Cell T24_CT_A","T24_CT_A12","Illumina HiSeq 2500","HWI-ST1233","226","H0NF2ADXX","1","24h","SC","control well: FALSE","debris: FALSE","cells in well: 0","T24_CT_A12","24h_GSM1269067",0.0393710798440414
"SRR1033018","GSM1269068","Myoblast_Cell T24_CT_B","T24_CT_B01","Illumina HiSeq 2500","HWI-ST1233","226","H0NF2ADXX","1","24h","SC","control well: FALSE","debris: FALSE","cells in well: 1","T24_CT_B01","24h_GSM1269068",0.111353619257501
"SRR1033019","GSM1269069","Myoblast_Cell T24_CT_B","T24_CT_B02","Illumina HiSeq 2500","HWI-ST1233","226","H0NF2ADXX","1","24h","SC","control well: FALSE","debris: FALSE","cells in well: 1","T24_CT_B02","24h_GSM1269069",0.100419562637735
"SRR1033020","GSM1269070","Myoblast_Cell T24_CT_B","T24_CT_B03","Illumina HiSeq 2500","HWI-ST1233","226","H0NF2ADXX","1","24h","SC","control well: FALSE","debris: FALSE","cells in well: 1","T24_CT_B03","24h_GSM1269070",0.144028648923546
"SRR1033021","GSM1269071","Myoblast_Cell T24_CT_B","T24_CT_B04","Illumina HiSeq 2500","HWI-ST1233","226","H0NF2ADXX","1","24h","SC","control well: TRUE","debris: FALSE","cells in well: ~250","T24_CT_B04","24h_GSM1269071",0.105632310561112
"SRR1033022","GSM1269072","Myoblast_Cell T24_CT_B","T24_CT_B05","Illumina HiSeq 2500","HWI-ST1233","226","H0NF2ADXX","1","24h","SC","control well: FALSE","debris: FALSE","cells in well: 1","T24_CT_B05","24h_GSM1269072",0.116884217664011
"SRR1033023","GSM1269073","Myoblast_Cell T24_CT_B","T24_CT_B06","Illumina HiSeq 2500","HWI-ST1233","226","H0NF2ADXX","1","24h","SC","control well: FALSE","debris: FALSE","cells in well: 1","T24_CT_B06","24h_GSM1269073",0.11580352602136
"SRR1033024","GSM1269074","Myoblast_Cell T24_CT_B","T24_CT_B07","Illumina HiSeq 2500","HWI-ST1233","226","H0NF2ADXX","1","24h","SC","control well: FALSE","debris: FALSE","cells in well: 1","T24_CT_B07","24h_GSM1269074",0.110251737582641
"SRR1033025","GSM1269075","Myoblast_Cell T24_CT_B","T24_CT_B08","Illumina HiSeq 2500","HWI-ST1233","226","H0NF2ADXX","1","24h","SC","control well: FALSE","debris: FALSE","cells in well: 1","T24_CT_B08","24h_GSM1269075",0.103915917952195
"SRR1033026","GSM1269076","Myoblast_Cell T24_CT_B","T24_CT_B09","Illumina HiSeq 2500","HWI-ST1233","226","H0NF2ADXX","1","24h","SC","control well: FALSE","debris: FALSE","cells in well: 1","T24_CT_B09","24h_GSM1269076",0.116693507374131
"SRR1033027","GSM1269077","Myoblast_Cell T24_CT_B","T24_CT_B10","Illumina HiSeq 2500","HWI-ST1233","226","H0NF2ADXX","1","24h","SC","control well: FALSE","debris: FALSE","cells in well: 0","T24_CT_B10","24h_GSM1269077",0.0526360400067808
"SRR1033028","GSM1269078","Myoblast_Cell T24_CT_B","T24_CT_B11","Illumina HiSeq 2500","HWI-ST1233","226","H0NF2ADXX","1","24h","SC","control well: FALSE","debris: FALSE","cells in well: 1","T24_CT_B11","24h_GSM1269078",0.122202915748432
"SRR1033029","GSM1269079","Myoblast_Cell T24_CT_B","T24_CT_B12","Illumina HiSeq 2500","HWI-ST1233","226","H0NF2ADXX","1","24h","SC","control well: FALSE","debris: TRUE","cells in well: 0","T24_CT_B12","24h_GSM1269079",0.0261273097135108
"SRR1033030","GSM1269080","Myoblast_Cell T24_CT_C","T24_CT_C01","Illumina HiSeq 2500","HWI-ST1233","226","H0NF2ADXX","1","24h","SC","control well: FALSE","debris: FALSE","cells in well: 1","T24_CT_C01","24h_GSM1269080",0.100546702830988
"SRR1033031","GSM1269081","Myoblast_Cell T24_CT_C","T24_CT_C02","Illumina HiSeq 2500","HWI-ST1233","226","H0NF2ADXX","1","24h","SC","control well: FALSE","debris: FALSE","cells in well: 1","T24_CT_C02","24h_GSM1269081",0.0879810137311409
"SRR1033032","GSM1269082","Myoblast_Cell T24_CT_C","T24_CT_C03","Illumina HiSeq 2500","HWI-ST1233","226","H0NF2ADXX","1","24h","SC","control well: FALSE","debris: FALSE","cells in well: 1","T24_CT_C03","24h_GSM1269082",0.0950584844888964
"SRR1033033","GSM1269083","Myoblast_Cell T24_CT_C","T24_CT_C04","Illumina HiSeq 2500","HWI-ST1233","226","H0NF2ADXX","1","24h","SC","control well: FALSE","debris: FALSE","cells in well: 0","T24_CT_C04","24h_GSM1269083",0.0417231734192236
"SRR1033034","GSM1269084","Myoblast_Cell T24_CT_C","T24_CT_C05","Illumina HiSeq 2500","HWI-ST1233","226","H0NF2ADXX","1","24h","SC","control well: FALSE","debris: FALSE","cells in well: 1","T24_CT_C05","24h_GSM1269084",0.105208509916935
"SRR1033035","GSM1269085","Myoblast_Cell T24_CT_C","T24_CT_C06","Illumina HiSeq 2500","HWI-ST1233","226","H0NF2ADXX","1","24h","SC","control well: FALSE","debris: FALSE","cells in well: 0","T24_CT_C06","24h_GSM1269085",0.0418926936768944
"SRR1033036","GSM1269086","Myoblast_Cell T24_CT_C","T24_CT_C07","Illumina HiSeq 2500","HWI-ST1233","226","H0NF2ADXX","1","24h","SC","control well: FALSE","debris: FALSE","cells in well: 1","T24_CT_C07","24h_GSM1269086",0.123389557552127
"SRR1033037","GSM1269087","Myoblast_Cell T24_CT_C","T24_CT_C08","Illumina HiSeq 2500","HWI-ST1233","226","H0NF2ADXX","1","24h","SC","control well: FALSE","debris: FALSE","cells in well: 1","T24_CT_C08","24h_GSM1269087",0.111332429225292
"SRR1033038","GSM1269088","Myoblast_Cell T24_CT_C","T24_CT_C09","Illumina HiSeq 2500","HWI-ST1233","226","H0NF2ADXX","1","24h","SC","control well: FALSE","debris: FALSE","cells in well: 1","T24_CT_C09","24h_GSM1269088",0.0830225461942702
"SRR1033039","GSM1269089","Myoblast_Cell T24_CT_C","T24_CT_C10","Illumina HiSeq 2500","HWI-ST1233","226","H0NF2ADXX","1","24h","SC","control well: FALSE","debris: FALSE","cells in well: 1","T24_CT_C10","24h_GSM1269089",0.127161383285303
"SRR1033040","GSM1269090","Myoblast_Cell T24_CT_C","T24_CT_C11","Illumina HiSeq 2500","HWI-ST1233","226","H0NF2ADXX","1","24h","SC","control well: FALSE","debris: FALSE","cells in well: 1","T24_CT_C11","24h_GSM1269090",0.11027292761485
"SRR1033041","GSM1269091","Myoblast_Cell T24_CT_C","T24_CT_C12","Illumina HiSeq 2500","HWI-ST1233","226","H0NF2ADXX","1","24h","SC","control well: FALSE","debris: FALSE","cells in well: 1","T24_CT_C12","24h_GSM1269091",0.139833022546194
"SRR1033042","GSM1269092","Myoblast_Cell T24_CT_D","T24_CT_D01","Illumina HiSeq 2500","HWI-ST1233","226","H0NF2ADXX","1","24h","SC","control well: FALSE","debris: FALSE","cells in well: 1","T24_CT_D01","24h_GSM1269092",0.110866248516698
"SRR1033043","GSM1269093","Myoblast_Cell T24_CT_D","T24_CT_D02","Illumina HiSeq 2500","HWI-ST1233","226","H0NF2ADXX","1","24h","SC","control well: FALSE","debris: FALSE","cells in well: 1","T24_CT_D02","24h_GSM1269093",0.133031022207154
"SRR1033044","GSM1269094","Myoblast_Cell T24_CT_D","T24_CT_D03","Illumina HiSeq 2500","HWI-ST1233","226","H0NF2ADXX","1","24h","SC","control well: FALSE","debris: FALSE","cells in well: 1","T24_CT_D03","24h_GSM1269094",0.108683675199186
"SRR1033045","GSM1269095","Myoblast_Cell T24_CT_D","T24_CT_D04","Illumina HiSeq 2500","HWI-ST1233","226","H0NF2ADXX","1","24h","SC","control well: FALSE","debris: FALSE","cells in well: 1","T24_CT_D04","24h_GSM1269095",0.115485675538227
"SRR1033046","GSM1269096","Myoblast_Cell T24_CT_D","T24_CT_D05","Illumina HiSeq 2500","HWI-ST1233","226","H0NF2ADXX","1","24h","SC","control well: FALSE","debris: FALSE","cells in well: 1","T24_CT_D05","24h_GSM1269096",0.128093744702492
"SRR1033047","GSM1269097","Myoblast_Cell T24_CT_D","T24_CT_D06","Illumina HiSeq 2500","HWI-ST1233","226","H0NF2ADXX","1","24h","SC","control well: FALSE","debris: FALSE","cells in well: 1","T24_CT_D06","24h_GSM1269097",0.11211646041702
"SRR1033048","GSM1269098","Myoblast_Cell T24_CT_D","T24_CT_D07","Illumina HiSeq 2500","HWI-ST1233","226","H0NF2ADXX","1","24h","SC","control well: FALSE","debris: FALSE","cells in well: 1","T24_CT_D07","24h_GSM1269098",0.123241227326666
"SRR1033049","GSM1269099","Myoblast_Cell T24_CT_D","T24_CT_D08","Illumina HiSeq 2500","HWI-ST1233","226","H0NF2ADXX","1","24h","SC","control well: FALSE","debris: FALSE","cells in well: 1","T24_CT_D08","24h_GSM1269099",0.111417189354128
"SRR1033050","GSM1269100","Myoblast_Cell T24_CT_D","T24_CT_D09","Illumina HiSeq 2500","HWI-ST1233","226","H0NF2ADXX","1","24h","SC","control well: FALSE","debris: FALSE","cells in well: 1","T24_CT_D09","24h_GSM1269100",0.125021190032209
"SRR1033051","GSM1269101","Myoblast_Cell T24_CT_D","T24_CT_D10","Illumina HiSeq 2500","HWI-ST1233","226","H0NF2ADXX","1","24h","SC","control well: FALSE","debris: FALSE","cells in well: 1","T24_CT_D10","24h_GSM1269101",0.118600610272928
"SRR1033052","GSM1269102","Myoblast_Cell T24_CT_D","T24_CT_D11","Illumina HiSeq 2500","HWI-ST1233","226","H0NF2ADXX","1","24h","SC","control well: FALSE","debris: FALSE","cells in well: 1","T24_CT_D11","24h_GSM1269102",0.121016273944736
"SRR1033053","GSM1269103","Myoblast_Cell T24_CT_D","T24_CT_D12","Illumina HiSeq 2500","HWI-ST1233","226","H0NF2ADXX","1","24h","SC","control well: FALSE","debris: FALSE","cells in well: 0","T24_CT_D12","24h_GSM1269103",0.0354297338531955
"SRR1033054","GSM1269104","Myoblast_Cell T24_CT_E","T24_CT_E01","Illumina HiSeq 2500","HWI-ST1233","226","H0NF2ADXX","1","24h","SC","control well: FALSE","debris: FALSE","cells in well: 1","T24_CT_E01","24h_GSM1269104",0.129682997118156
"SRR1033055","GSM1269105","Myoblast_Cell T24_CT_E","T24_CT_E02","Illumina HiSeq 2500","HWI-ST1233","226","H0NF2ADXX","1","24h","SC","control well: FALSE","debris: FALSE","cells in well: 1","T24_CT_E02","24h_GSM1269105",0.103852347855569
"SRR1033056","GSM1269106","Myoblast_Cell T24_CT_E","T24_CT_E03","Illumina HiSeq 2500","HWI-ST1233","226","H0NF2ADXX","1","24h","SC","control well: FALSE","debris: FALSE","cells in well: 2","T24_CT_E03","24h_GSM1269106",0.137735209357518
"SRR1033057","GSM1269107","Myoblast_Cell T24_CT_E","T24_CT_E04","Illumina HiSeq 2500","HWI-ST1233","226","H0NF2ADXX","1","24h","SC","control well: FALSE","debris: FALSE","cells in well: 1","T24_CT_E04","24h_GSM1269107",0.113917613154772
"SRR1033058","GSM1269108","Myoblast_Cell T24_CT_E","T24_CT_E05","Illumina HiSeq 2500","HWI-ST1233","226","H0NF2ADXX","1","24h","SC","control well: FALSE","debris: FALSE","cells in well: 1","T24_CT_E05","24h_GSM1269108",0.102792846245126
"SRR1033059","GSM1269109","Myoblast_Cell T24_CT_E","T24_CT_E06","Illumina HiSeq 2500","HWI-ST1233","226","H0NF2ADXX","1","24h","SC","control well: FALSE","debris: FALSE","cells in well: 0","T24_CT_E06","24h_GSM1269109",0.0298355653500593
"SRR1033060","GSM1269110","Myoblast_Cell T24_CT_E","T24_CT_E07","Illumina HiSeq 2500","HWI-ST1233","226","H0NF2ADXX","1","24h","SC","control well: FALSE","debris: FALSE","cells in well: 1","T24_CT_E07","24h_GSM1269110",0.138794710967961
"SRR1033061","GSM1269111","Myoblast_Cell T24_CT_E","T24_CT_E08","Illumina HiSeq 2500","HWI-ST1233","226","H0NF2ADXX","1","24h","SC","control well: FALSE","debris: FALSE","cells in well: 0","T24_CT_E08","24h_GSM1269111",0.0838701474826242
"SRR1033062","GSM1269112","Myoblast_Cell T24_CT_E","T24_CT_E09","Illumina HiSeq 2500","HWI-ST1233","226","H0NF2ADXX","1","24h","SC","control well: FALSE","debris: FALSE","cells in well: 1","T24_CT_E09","24h_GSM1269112",0.10658586201051
"SRR1033063","GSM1269113","Myoblast_Cell T24_CT_E","T24_CT_E10","Illumina HiSeq 2500","HWI-ST1233","226","H0NF2ADXX","1","24h","SC","control well: FALSE","debris: FALSE","cells in well: 1","T24_CT_E10","24h_GSM1269113",0.0304076962196983
"SRR1033064","GSM1269114","Myoblast_Cell T24_CT_E","T24_CT_E11","Illumina HiSeq 2500","HWI-ST1233","226","H0NF2ADXX","1","24h","SC","control well: FALSE","debris: FALSE","cells in well: 1","T24_CT_E11","24h_GSM1269114",0.11027292761485
"SRR1033065","GSM1269115","Myoblast_Cell T24_CT_E","T24_CT_E12","Illumina HiSeq 2500","HWI-ST1233","226","H0NF2ADXX","1","24h","SC","control well: FALSE","debris: FALSE","cells in well: 1","T24_CT_E12","24h_GSM1269115",0.115189015087303
"SRR1033066","GSM1269116","Myoblast_Cell T24_CT_F","T24_CT_F01","Illumina HiSeq 2500","HWI-ST1233","226","H0NF2ADXX","1","24h","SC","control well: FALSE","debris: FALSE","cells in well: 1","T24_CT_F01","24h_GSM1269116",0.115294965248347
"SRR1033067","GSM1269117","Myoblast_Cell T24_CT_F","T24_CT_F02","Illumina HiSeq 2500","HWI-ST1233","226","H0NF2ADXX","1","24h","SC","control well: FALSE","debris: FALSE","cells in well: 1","T24_CT_F02","24h_GSM1269117",0.121757925072046
"SRR1033068","GSM1269118","Myoblast_Cell T24_CT_F","T24_CT_F03","Illumina HiSeq 2500","HWI-ST1233","226","H0NF2ADXX","1","24h","SC","control well: FALSE","debris: FALSE","cells in well: 1","T24_CT_F03","24h_GSM1269118",0.113938803186981
"SRR1033069","GSM1269119","Myoblast_Cell T24_CT_F","T24_CT_F04","Illumina HiSeq 2500","HWI-ST1233","226","H0NF2ADXX","1","24h","SC","control well: FALSE","debris: FALSE","cells in well: 1","T24_CT_F04","24h_GSM1269119",0.0964146465502628
"SRR1033070","GSM1269120","Myoblast_Cell T24_CT_F","T24_CT_F05","Illumina HiSeq 2500","HWI-ST1233","226","H0NF2ADXX","1","24h","SC","control well: FALSE","debris: FALSE","cells in well: 1","T24_CT_F05","24h_GSM1269120",0.117371588404814
"SRR1033071","GSM1269121","Myoblast_Cell T24_CT_F","T24_CT_F06","Illumina HiSeq 2500","HWI-ST1233","226","H0NF2ADXX","1","24h","SC","control well: FALSE","debris: FALSE","cells in well: 1","T24_CT_F06","24h_GSM1269121",0.0261484997457196
"SRR1033072","GSM1269122","Myoblast_Cell T24_CT_F","T24_CT_F07","Illumina HiSeq 2500","HWI-ST1233","226","H0NF2ADXX","1","24h","SC","control well: FALSE","debris: FALSE","cells in well: 1","T24_CT_F07","24h_GSM1269122",0.0858832005424648
"SRR1033073","GSM1269123","Myoblast_Cell T24_CT_F","T24_CT_F08","Illumina HiSeq 2500","HWI-ST1233","226","H0NF2ADXX","1","24h","SC","control well: FALSE","debris: FALSE","cells in well: 1","T24_CT_F08","24h_GSM1269123",0.0982581793524326
"SRR1033074","GSM1269124","Myoblast_Cell T24_CT_F","T24_CT_F09","Illumina HiSeq 2500","HWI-ST1233","226","H0NF2ADXX","1","24h","SC","control well: FALSE","debris: FALSE","cells in well: 1","T24_CT_F09","24h_GSM1269124",0.120486523139515
"SRR1033075","GSM1269125","Myoblast_Cell T24_CT_F","T24_CT_F10","Illumina HiSeq 2500","HWI-ST1233","226","H0NF2ADXX","1","24h","SC","control well: FALSE","debris: FALSE","cells in well: 1","T24_CT_F10","24h_GSM1269125",0.141422274961858
"SRR1033076","GSM1269126","Myoblast_Cell T24_CT_F","T24_CT_F11","Illumina HiSeq 2500","HWI-ST1233","226","H0NF2ADXX","1","24h","SC","control well: FALSE","debris: FALSE","cells in well: 1","T24_CT_F11","24h_GSM1269126",0.121546024749958
"SRR1033077","GSM1269127","Myoblast_Cell T24_CT_F","T24_CT_F12","Illumina HiSeq 2500","HWI-ST1233","226","H0NF2ADXX","1","24h","SC","control well: FALSE","debris: FALSE","cells in well: 1","T24_CT_F12","24h_GSM1269127",0.129132056280726
"SRR1033078","GSM1269128","Myoblast_Cell T24_CT_G","T24_CT_G01","Illumina HiSeq 2500","HWI-ST1233","226","H0NF2ADXX","1","24h","SC","control well: FALSE","debris: FALSE","cells in well: 1","T24_CT_G01","24h_GSM1269128",0.125275470418715
"SRR1033079","GSM1269129","Myoblast_Cell T24_CT_G","T24_CT_G02","Illumina HiSeq 2500","HWI-ST1233","226","H0NF2ADXX","1","24h","SC","control well: FALSE","debris: FALSE","cells in well: 1","T24_CT_G02","24h_GSM1269129",0.115909476182404
"SRR1033080","GSM1269130","Myoblast_Cell T24_CT_G","T24_CT_G03","Illumina HiSeq 2500","HWI-ST1233","226","H0NF2ADXX","1","24h","SC","control well: FALSE","debris: FALSE","cells in well: 1","T24_CT_G03","24h_GSM1269130",0.103513307340227
"SRR1033081","GSM1269131","Myoblast_Cell T24_CT_G","T24_CT_G04","Illumina HiSeq 2500","HWI-ST1233","226","H0NF2ADXX","1","24h","SC","control well: FALSE","debris: FALSE","cells in well: 1","T24_CT_G04","24h_GSM1269131",0.130000847601288
"SRR1033082","GSM1269132","Myoblast_Cell T24_CT_G","T24_CT_G05","Illumina HiSeq 2500","HWI-ST1233","226","H0NF2ADXX","1","24h","SC","control well: FALSE","debris: FALSE","cells in well: 1","T24_CT_G05","24h_GSM1269132",0.0927699610103407
"SRR1033083","GSM1269133","Myoblast_Cell T24_CT_G","T24_CT_G06","Illumina HiSeq 2500","HWI-ST1233","226","H0NF2ADXX","1","24h","SC","control well: FALSE","debris: FALSE","cells in well: 1","T24_CT_G06","24h_GSM1269133",0.117329208340397
"SRR1033084","GSM1269134","Myoblast_Cell T24_CT_G","T24_CT_G07","Illumina HiSeq 2500","HWI-ST1233","226","H0NF2ADXX","1","24h","SC","control well: FALSE","debris: FALSE","cells in well: 2","T24_CT_G07","24h_GSM1269134",0.138370910323784
"SRR1033085","GSM1269135","Myoblast_Cell T24_CT_G","T24_CT_G08","Illumina HiSeq 2500","HWI-ST1233","226","H0NF2ADXX","1","24h","SC","control well: FALSE","debris: FALSE","cells in well: 1","T24_CT_G08","24h_GSM1269135",0.106268011527378
"SRR1033086","GSM1269136","Myoblast_Cell T24_CT_G","T24_CT_G09","Illumina HiSeq 2500","HWI-ST1233","226","H0NF2ADXX","1","24h","SC","control well: FALSE","debris: FALSE","cells in well: 0","T24_CT_G09","24h_GSM1269136",0.0743982030852687
"SRR1033087","GSM1269137","Myoblast_Cell T24_CT_G","T24_CT_G10","Illumina HiSeq 2500","HWI-ST1233","226","H0NF2ADXX","1","24h","SC","control well: FALSE","debris: FALSE","cells in well: 1","T24_CT_G10","24h_GSM1269137",0.126737582641126
"SRR1033088","GSM1269138","Myoblast_Cell T24_CT_G","T24_CT_G11","Illumina HiSeq 2500","HWI-ST1233","226","H0NF2ADXX","1","24h","SC","control well: FALSE","debris: FALSE","cells in well: 1","T24_CT_G11","24h_GSM1269138",0.0980462790303441
"SRR1033089","GSM1269139","Myoblast_Cell T24_CT_G","T24_CT_G12","Illumina HiSeq 2500","HWI-ST1233","226","H0NF2ADXX","1","24h","SC","control well: FALSE","debris: FALSE","cells in well: 1","T24_CT_G12","24h_GSM1269139",0.130615358535345
"SRR1033090","GSM1269140","Myoblast_Cell T24_CT_H","T24_CT_H01","Illumina HiSeq 2500","HWI-ST1233","226","H0NF2ADXX","1","24h","SC","control well: FALSE","debris: FALSE","cells in well: 1","T24_CT_H01","24h_GSM1269140",0.133560773012375
"SRR1033091","GSM1269141","Myoblast_Cell T24_CT_H","T24_CT_H02","Illumina HiSeq 2500","HWI-ST1233","226","H0NF2ADXX","1","24h","SC","control well: FALSE","debris: FALSE","cells in well: 1","T24_CT_H02","24h_GSM1269141",0.107497033395491
"SRR1033092","GSM1269142","Myoblast_Cell T24_CT_H","T24_CT_H03","Illumina HiSeq 2500","HWI-ST1233","226","H0NF2ADXX","1","24h","SC","control well: FALSE","debris: FALSE","cells in well: 1","T24_CT_H03","24h_GSM1269142",0.106204441430751
"SRR1033093","GSM1269143","Myoblast_Cell T24_CT_H","T24_CT_H04","Illumina HiSeq 2500","HWI-ST1233","226","H0NF2ADXX","1","24h","SC","control well: FALSE","debris: FALSE","cells in well: 0","T24_CT_H04","24h_GSM1269143",0.0265511103576877
"SRR1033094","GSM1269144","Myoblast_Cell T24_CT_H","T24_CT_H05","Illumina HiSeq 2500","HWI-ST1233","226","H0NF2ADXX","1","24h","SC","control well: FALSE","debris: FALSE","cells in well: 1","T24_CT_H05","24h_GSM1269144",0.101097643668418
"SRR1033095","GSM1269145","Myoblast_Cell T24_CT_H","T24_CT_H06","Illumina HiSeq 2500","HWI-ST1233","226","H0NF2ADXX","1","24h","SC","control well: FALSE","debris: FALSE","cells in well: 0","T24_CT_H06","24h_GSM1269145",0.0262120698423462
"SRR1033096","GSM1269146","Myoblast_Cell T24_CT_H","T24_CT_H07","Illumina HiSeq 2500","HWI-ST1233","226","H0NF2ADXX","1","24h","SC","control well: FALSE","debris: FALSE","cells in well: 1","T24_CT_H07","24h_GSM1269146",0.115845906085777
"SRR1033097","GSM1269147","Myoblast_Cell T24_CT_H","T24_CT_H08","Illumina HiSeq 2500","HWI-ST1233","226","H0NF2ADXX","1","24h","SC","control well: FALSE","debris: FALSE","cells in well: 0","T24_CT_H08","24h_GSM1269147",0.0685709442278352
"SRR1033098","GSM1269148","Myoblast_Cell T24_CT_H","T24_CT_H09","Illumina HiSeq 2500","HWI-ST1233","226","H0NF2ADXX","1","24h","SC","control well: FALSE","debris: FALSE","cells in well: 1","T24_CT_H09","24h_GSM1269148",0.104657569079505
"SRR1033099","GSM1269149","Myoblast_Cell T24_CT_H","T24_CT_H10","Illumina HiSeq 2500","HWI-ST1233","226","H0NF2ADXX","1","24h","SC","control well: FALSE","debris: FALSE","cells in well: 0","T24_CT_H10","24h_GSM1269149",0.0250466180708595
"SRR1033100","GSM1269150","Myoblast_Cell T24_CT_H","T24_CT_H11","Illumina HiSeq 2500","HWI-ST1233","226","H0NF2ADXX","1","24h","SC","control well: FALSE","debris: FALSE","cells in well: 0","T24_CT_H11","24h_GSM1269150",0.0286701135785726
"SRR1033101","GSM1269151","Myoblast_Cell T24_CT_H","T24_CT_H12","Illumina HiSeq 2500","HWI-ST1233","226","H0NF2ADXX","1","24h","SC","control well: FALSE","debris: FALSE","cells in well: 1","T24_CT_H12","24h_GSM1269151",0.126674012544499
"SRR1033102","GSM1269152","Myoblast_Cell T48_CT_A","T48_CT_A01","Illumina HiSeq 2500","HWI-ST1233","231","H0KLJADXX","1","48h","SC","control well: FALSE","debris: FALSE","cells in well: 1","T48_CT_A01","48h_GSM1269152",0.131017969147313
"SRR1033103","GSM1269153","Myoblast_Cell T48_CT_A","T48_CT_A02","Illumina HiSeq 2500","HWI-ST1233","231","H0KLJADXX","1","48h","SC","control well: FALSE","debris: FALSE","cells in well: 1","T48_CT_A02","48h_GSM1269153",0.118240379725377
"SRR1033104","GSM1269154","Myoblast_Cell T48_CT_A","T48_CT_A03","Illumina HiSeq 2500","HWI-ST1233","231","H0KLJADXX","1","48h","SC","control well: FALSE","debris: FALSE","cells in well: 1","T48_CT_A03","48h_GSM1269154",0.123262417358874
"SRR1033105","GSM1269155","Myoblast_Cell T48_CT_A","T48_CT_A04","Illumina HiSeq 2500","HWI-ST1233","231","H0KLJADXX","1","48h","SC","control well: FALSE","debris: FALSE","cells in well: 1","T48_CT_A04","48h_GSM1269155",0.115379725377183
"SRR1033106","GSM1269156","Myoblast_Cell T48_CT_A","T48_CT_A05","Illumina HiSeq 2500","HWI-ST1233","231","H0KLJADXX","1","48h","SC","control well: FALSE","debris: FALSE","cells in well: 1","T48_CT_A05","48h_GSM1269156",0.141273944736396
"SRR1033107","GSM1269157","Myoblast_Cell T48_CT_A","T48_CT_A06","Illumina HiSeq 2500","HWI-ST1233","231","H0KLJADXX","1","48h","SC","control well: FALSE","debris: FALSE","cells in well: 1","T48_CT_A06","48h_GSM1269157",0.111629089676216
"SRR1033108","GSM1269158","Myoblast_Cell T48_CT_A","T48_CT_A07","Illumina HiSeq 2500","HWI-ST1233","231","H0KLJADXX","1","48h","SC","control well: FALSE","debris: FALSE","cells in well: 1","T48_CT_A07","48h_GSM1269158",0.14082895406001
"SRR1033109","GSM1269159","Myoblast_Cell T48_CT_A","T48_CT_A08","Illumina HiSeq 2500","HWI-ST1233","231","H0KLJADXX","1","48h","SC","control well: FALSE","debris: FALSE","cells in well: 1","T48_CT_A08","48h_GSM1269159",0.129640617053738
"SRR1033110","GSM1269160","Myoblast_Cell T48_CT_A","T48_CT_A09","Illumina HiSeq 2500","HWI-ST1233","231","H0KLJADXX","1","48h","SC","control well: FALSE","debris: FALSE","cells in well: 1","T48_CT_A09","48h_GSM1269160",0.131950330564502
"SRR1033111","GSM1269161","Myoblast_Cell T48_CT_A","T48_CT_A10","Illumina HiSeq 2500","HWI-ST1233","231","H0KLJADXX","1","48h","SC","control well: FALSE","debris: FALSE","cells in well: 1","T48_CT_A10","48h_GSM1269161",0.104848279369385
"SRR1033112","GSM1269162","Myoblast_Cell T48_CT_A","T48_CT_A11","Illumina HiSeq 2500","HWI-ST1233","231","H0KLJADXX","1","48h","SC","control well: FALSE","debris: FALSE","cells in well: 1","T48_CT_A11","48h_GSM1269162",0.125084760128835
"SRR1033113","GSM1269163","Myoblast_Cell T48_CT_A","T48_CT_A12","Illumina HiSeq 2500","HWI-ST1233","231","H0KLJADXX","1","48h","SC","control well: FALSE","debris: FALSE","cells in well: 1","T48_CT_A12","48h_GSM1269163",0.106289201559586
"SRR1033114","GSM1269164","Myoblast_Cell T48_CT_B","T48_CT_B01","Illumina HiSeq 2500","HWI-ST1233","231","H0KLJADXX","1","48h","SC","control well: FALSE","debris: FALSE","cells in well: 1","T48_CT_B01","48h_GSM1269164",0.0995719613493812
"SRR1033115","GSM1269165","Myoblast_Cell T48_CT_B","T48_CT_B02","Illumina HiSeq 2500","HWI-ST1233","231","H0KLJADXX","1","48h","SC","control well: FALSE","debris: FALSE","cells in well: 1","T48_CT_B02","48h_GSM1269165",0.103174266824886
"SRR1033116","GSM1269166","Myoblast_Cell T48_CT_B","T48_CT_B03","Illumina HiSeq 2500","HWI-ST1233","231","H0KLJADXX","1","48h","SC","control well: FALSE","debris: FALSE","cells in well: 1","T48_CT_B03","48h_GSM1269166",0.121651974911002
"SRR1033117","GSM1269167","Myoblast_Cell T48_CT_B","T48_CT_B04","Illumina HiSeq 2500","HWI-ST1233","231","H0KLJADXX","1","48h","SC","control well: FALSE","debris: FALSE","cells in well: 1","T48_CT_B04","48h_GSM1269167",0.112158840481438
"SRR1033118","GSM1269168","Myoblast_Cell T48_CT_B","T48_CT_B05","Illumina HiSeq 2500","HWI-ST1233","231","H0KLJADXX","1","48h","SC","control well: FALSE","debris: FALSE","cells in well: 1","T48_CT_B05","48h_GSM1269168",0.15354297338532
"SRR1033119","GSM1269169","Myoblast_Cell T48_CT_B","T48_CT_B06","Illumina HiSeq 2500","HWI-ST1233","231","H0KLJADXX","1","48h","SC","control well: FALSE","debris: FALSE","cells in well: 1","T48_CT_B06","48h_GSM1269169",0.114638074249873
"SRR1033120","GSM1269170","Myoblast_Cell T48_CT_B","T48_CT_B07","Illumina HiSeq 2500","HWI-ST1233","231","H0KLJADXX","1","48h","SC","control well: FALSE","debris: FALSE","cells in well: 0","T48_CT_B07","48h_GSM1269170",0.104848279369385
"SRR1033121","GSM1269171","Myoblast_Cell T48_CT_B","T48_CT_B08","Illumina HiSeq 2500","HWI-ST1233","231","H0KLJADXX","1","48h","SC","control well: FALSE","debris: FALSE","cells in well: 1","T48_CT_B08","48h_GSM1269171",0.124978809967791
"SRR1033122","GSM1269172","Myoblast_Cell T48_CT_B","T48_CT_B09","Illumina HiSeq 2500","HWI-ST1233","231","H0KLJADXX","1","48h","SC","control well: FALSE","debris: TRUE","cells in well: 0","T48_CT_B09","48h_GSM1269172",0.152377521613833
"SRR1033123","GSM1269173","Myoblast_Cell T48_CT_B","T48_CT_B10","Illumina HiSeq 2500","HWI-ST1233","231","H0KLJADXX","1","48h","SC","control well: FALSE","debris: FALSE","cells in well: 1","T48_CT_B10","48h_GSM1269173",0.109128665875572
"SRR1033124","GSM1269174","Myoblast_Cell T48_CT_B","T48_CT_B11","Illumina HiSeq 2500","HWI-ST1233","231","H0KLJADXX","1","48h","SC","control well: FALSE","debris: FALSE","cells in well: 1","T48_CT_B11","48h_GSM1269174",0.112773351415494
"SRR1033125","GSM1269175","Myoblast_Cell T48_CT_B","T48_CT_B12","Illumina HiSeq 2500","HWI-ST1233","231","H0KLJADXX","1","48h","SC","control well: FALSE","debris: FALSE","cells in well: 1","T48_CT_B12","48h_GSM1269175",0.119511781657908
"SRR1033126","GSM1269176","Myoblast_Cell T48_CT_C","T48_CT_C01","Illumina HiSeq 2500","HWI-ST1233","231","H0KLJADXX","1","48h","SC","control well: FALSE","debris: FALSE","cells in well: 1","T48_CT_C01","48h_GSM1269176",0.114913544668588
"SRR1033127","GSM1269177","Myoblast_Cell T48_CT_C","T48_CT_C02","Illumina HiSeq 2500","HWI-ST1233","231","H0KLJADXX","1","48h","SC","control well: FALSE","debris: FALSE","cells in well: 1","T48_CT_C02","48h_GSM1269177",0.0656890998474318
"SRR1033128","GSM1269178","Myoblast_Cell T48_CT_C","T48_CT_C03","Illumina HiSeq 2500","HWI-ST1233","231","H0KLJADXX","1","48h","SC","control well: FALSE","debris: FALSE","cells in well: 1","T48_CT_C03","48h_GSM1269178",0.108747245295813
"SRR1033129","GSM1269179","Myoblast_Cell T48_CT_C","T48_CT_C04","Illumina HiSeq 2500","HWI-ST1233","231","H0KLJADXX","1","48h","SC","control well: FALSE","debris: FALSE","cells in well: 1","T48_CT_C04","48h_GSM1269179",0.110951008645533
"SRR1033130","GSM1269180","Myoblast_Cell T48_CT_C","T48_CT_C05","Illumina HiSeq 2500","HWI-ST1233","231","H0KLJADXX","1","48h","SC","control well: FALSE","debris: FALSE","cells in well: 1","T48_CT_C05","48h_GSM1269180",0.131505339888117
"SRR1033131","GSM1269181","Myoblast_Cell T48_CT_C","T48_CT_C06","Illumina HiSeq 2500","HWI-ST1233","231","H0KLJADXX","1","48h","SC","control well: FALSE","debris: FALSE","cells in well: 1","T48_CT_C06","48h_GSM1269181",0.135912866587557
"SRR1033132","GSM1269182","Myoblast_Cell T48_CT_C","T48_CT_C07","Illumina HiSeq 2500","HWI-ST1233","231","H0KLJADXX","1","48h","SC","control well: FALSE","debris: FALSE","cells in well: 1","T48_CT_C07","48h_GSM1269182",0.119935582302085
"SRR1033133","GSM1269183","Myoblast_Cell T48_CT_C","T48_CT_C08","Illumina HiSeq 2500","HWI-ST1233","231","H0KLJADXX","1","48h","SC","control well: FALSE","debris: FALSE","cells in well: 1","T48_CT_C08","48h_GSM1269183",0.152102051195118
"SRR1033134","GSM1269184","Myoblast_Cell T48_CT_C","T48_CT_C09","Illumina HiSeq 2500","HWI-ST1233","231","H0KLJADXX","1","48h","SC","control well: FALSE","debris: FALSE","cells in well: 1","T48_CT_C09","48h_GSM1269184",0.151402780132226
"SRR1033135","GSM1269185","Myoblast_Cell T48_CT_C","T48_CT_C10","Illumina HiSeq 2500","HWI-ST1233","231","H0KLJADXX","1","48h","SC","control well: FALSE","debris: FALSE","cells in well: 1","T48_CT_C10","48h_GSM1269185",0.118134429564333
"SRR1033136","GSM1269186","Myoblast_Cell T48_CT_C","T48_CT_C11","Illumina HiSeq 2500","HWI-ST1233","231","H0KLJADXX","1","48h","SC","control well: FALSE","debris: FALSE","cells in well: 1","T48_CT_C11","48h_GSM1269186",0.119893202237667
"SRR1033137","GSM1269187","Myoblast_Cell T48_CT_C","T48_CT_C12","Illumina HiSeq 2500","HWI-ST1233","231","H0KLJADXX","1","48h","SC","control well: FALSE","debris: FALSE","cells in well: 0","T48_CT_C12","48h_GSM1269187",0.136824037972538
"SRR1033138","GSM1269188","Myoblast_Cell T48_CT_D","T48_CT_D01","Illumina HiSeq 2500","HWI-ST1233","231","H0KLJADXX","1","48h","SC","control well: FALSE","debris: FALSE","cells in well: 1","T48_CT_D01","48h_GSM1269188",0.108577725038142
"SRR1033139","GSM1269189","Myoblast_Cell T48_CT_D","T48_CT_D02","Illumina HiSeq 2500","HWI-ST1233","231","H0KLJADXX","1","48h","SC","control well: FALSE","debris: FALSE","cells in well: 1","T48_CT_D02","48h_GSM1269189",0.0981098491269707
"SRR1033140","GSM1269190","Myoblast_Cell T48_CT_D","T48_CT_D03","Illumina HiSeq 2500","HWI-ST1233","231","H0KLJADXX","1","48h","SC","control well: FALSE","debris: FALSE","cells in well: 1","T48_CT_D03","48h_GSM1269190",0.109488896423123
"SRR1033141","GSM1269191","Myoblast_Cell T48_CT_D","T48_CT_D04","Illumina HiSeq 2500","HWI-ST1233","231","H0KLJADXX","1","48h","SC","control well: FALSE","debris: FALSE","cells in well: 1","T48_CT_D04","48h_GSM1269191",0.122393626038312
"SRR1033142","GSM1269192","Myoblast_Cell T48_CT_D","T48_CT_D05","Illumina HiSeq 2500","HWI-ST1233","231","H0KLJADXX","1","48h","SC","control well: FALSE","debris: FALSE","cells in well: 1","T48_CT_D05","48h_GSM1269192",0.0500932361417189
"SRR1033143","GSM1269193","Myoblast_Cell T48_CT_D","T48_CT_D06","Illumina HiSeq 2500","HWI-ST1233","231","H0KLJADXX","1","48h","SC","control well: FALSE","debris: FALSE","cells in well: 1","T48_CT_D06","48h_GSM1269193",0.132840311917274
"SRR1033144","GSM1269194","Myoblast_Cell T48_CT_D","T48_CT_D07","Illumina HiSeq 2500","HWI-ST1233","231","H0KLJADXX","1","48h","SC","control well: FALSE","debris: FALSE","cells in well: 1","T48_CT_D07","48h_GSM1269194",0.11156551957959
"SRR1033145","GSM1269195","Myoblast_Cell T48_CT_D","T48_CT_D08","Illumina HiSeq 2500","HWI-ST1233","231","H0KLJADXX","1","48h","SC","control well: FALSE","debris: FALSE","cells in well: 1","T48_CT_D08","48h_GSM1269195",0.107942024071877
"SRR1033146","GSM1269196","Myoblast_Cell T48_CT_D","T48_CT_D09","Illumina HiSeq 2500","HWI-ST1233","231","H0KLJADXX","1","48h","SC","control well: FALSE","debris: FALSE","cells in well: 1","T48_CT_D09","48h_GSM1269196",0.0965841668079336
"SRR1033147","GSM1269197","Myoblast_Cell T48_CT_D","T48_CT_D10","Illumina HiSeq 2500","HWI-ST1233","231","H0KLJADXX","1","48h","SC","control well: FALSE","debris: FALSE","cells in well: 1","T48_CT_D10","48h_GSM1269197",0.102432615697576
"SRR1033148","GSM1269198","Myoblast_Cell T48_CT_D","T48_CT_D11","Illumina HiSeq 2500","HWI-ST1233","231","H0KLJADXX","1","48h","SC","control well: FALSE","debris: FALSE","cells in well: 1","T48_CT_D11","48h_GSM1269198",0.130233937955586
"SRR1033149","GSM1269199","Myoblast_Cell T48_CT_D","T48_CT_D12","Illumina HiSeq 2500","HWI-ST1233","231","H0KLJADXX","1","48h","SC","control well: FALSE","debris: FALSE","cells in well: 1","T48_CT_D12","48h_GSM1269199",0.111078148838786
"SRR1033150","GSM1269200","Myoblast_Cell T48_CT_E","T48_CT_E01","Illumina HiSeq 2500","HWI-ST1233","231","H0KLJADXX","1","48h","SC","control well: FALSE","debris: FALSE","cells in well: 1","T48_CT_E01","48h_GSM1269200",0.14597813188676
"SRR1033151","GSM1269201","Myoblast_Cell T48_CT_E","T48_CT_E02","Illumina HiSeq 2500","HWI-ST1233","231","H0KLJADXX","1","48h","SC","control well: FALSE","debris: FALSE","cells in well: 1","T48_CT_E02","48h_GSM1269201",0.110781488387862
"SRR1033152","GSM1269202","Myoblast_Cell T48_CT_E","T48_CT_E03","Illumina HiSeq 2500","HWI-ST1233","231","H0KLJADXX","1","48h","SC","control well: FALSE","debris: FALSE","cells in well: 1","T48_CT_E03","48h_GSM1269202",0.146211222241058
"SRR1033153","GSM1269203","Myoblast_Cell T48_CT_E","T48_CT_E04","Illumina HiSeq 2500","HWI-ST1233","231","H0KLJADXX","1","48h","SC","control well: FALSE","debris: FALSE","cells in well: 1","T48_CT_E04","48h_GSM1269203",0.126165451771487
"SRR1033154","GSM1269204","Myoblast_Cell T48_CT_E","T48_CT_E05","Illumina HiSeq 2500","HWI-ST1233","231","H0KLJADXX","1","48h","SC","control well: FALSE","debris: FALSE","cells in well: 1","T48_CT_E05","48h_GSM1269204",0.119511781657908
"SRR1033155","GSM1269205","Myoblast_Cell T48_CT_E","T48_CT_E06","Illumina HiSeq 2500","HWI-ST1233","231","H0KLJADXX","1","48h","SC","control well: FALSE","debris: FALSE","cells in well: 1","T48_CT_E06","48h_GSM1269205",0.0986819799966096
"SRR1033156","GSM1269206","Myoblast_Cell T48_CT_E","T48_CT_E07","Illumina HiSeq 2500","HWI-ST1233","231","H0KLJADXX","1","48h","SC","control well: FALSE","debris: FALSE","cells in well: 1","T48_CT_E07","48h_GSM1269206",0.137565689099847
"SRR1033157","GSM1269207","Myoblast_Cell T48_CT_E","T48_CT_E08","Illumina HiSeq 2500","HWI-ST1233","231","H0KLJADXX","1","48h","SC","control well: FALSE","debris: FALSE","cells in well: 1","T48_CT_E08","48h_GSM1269207",0.119681301915579
"SRR1033158","GSM1269208","Myoblast_Cell T48_CT_E","T48_CT_E09","Illumina HiSeq 2500","HWI-ST1233","231","H0KLJADXX","1","48h","SC","control well: FALSE","debris: FALSE","cells in well: 1","T48_CT_E09","48h_GSM1269208",0.117922529242244
"SRR1033159","GSM1269209","Myoblast_Cell T48_CT_E","T48_CT_E10","Illumina HiSeq 2500","HWI-ST1233","231","H0KLJADXX","1","48h","SC","control well: FALSE","debris: FALSE","cells in well: 1","T48_CT_E10","48h_GSM1269209",0.122266485845058
"SRR1033160","GSM1269210","Myoblast_Cell T48_CT_E","T48_CT_E11","Illumina HiSeq 2500","HWI-ST1233","231","H0KLJADXX","1","48h","SC","control well: FALSE","debris: FALSE","cells in well: 1","T48_CT_E11","48h_GSM1269210",0.118982030852687
"SRR1033161","GSM1269211","Myoblast_Cell T48_CT_E","T48_CT_E12","Illumina HiSeq 2500","HWI-ST1233","231","H0KLJADXX","1","48h","SC","control well: FALSE","debris: FALSE","cells in well: 1","T48_CT_E12","48h_GSM1269211",0.131526529920325
"SRR1033162","GSM1269212","Myoblast_Cell T48_CT_F","T48_CT_F01","Illumina HiSeq 2500","HWI-ST1233","231","H0KLJADXX","1","48h","SC","control well: FALSE","debris: FALSE","cells in well: 1","T48_CT_F01","48h_GSM1269212",0.105335650110188
"SRR1033163","GSM1269213","Myoblast_Cell T48_CT_F","T48_CT_F02","Illumina HiSeq 2500","HWI-ST1233","231","H0KLJADXX","1","48h","SC","control well: FALSE","debris: FALSE","cells in well: 1","T48_CT_F02","48h_GSM1269213",0.11671469740634
"SRR1033164","GSM1269214","Myoblast_Cell T48_CT_F","T48_CT_F03","Illumina HiSeq 2500","HWI-ST1233","231","H0KLJADXX","1","48h","SC","control well: FALSE","debris: FALSE","cells in well: 1","T48_CT_F03","48h_GSM1269214",0.0940201729106628
"SRR1033165","GSM1269215","Myoblast_Cell T48_CT_F","T48_CT_F04","Illumina HiSeq 2500","HWI-ST1233","231","H0KLJADXX","1","48h","SC","control well: TRUE","debris: FALSE","cells in well: ~250","T48_CT_F04","48h_GSM1269215",0.135171215460247
"SRR1033166","GSM1269216","Myoblast_Cell T48_CT_F","T48_CT_F05","Illumina HiSeq 2500","HWI-ST1233","231","H0KLJADXX","1","48h","SC","control well: FALSE","debris: FALSE","cells in well: 1","T48_CT_F05","48h_GSM1269216",0.0964570266146805
"SRR1033167","GSM1269217","Myoblast_Cell T48_CT_F","T48_CT_F06","Illumina HiSeq 2500","HWI-ST1233","231","H0KLJADXX","1","48h","SC","control well: FALSE","debris: FALSE","cells in well: 0","T48_CT_F06","48h_GSM1269217",0.0405577216477369
"SRR1033168","GSM1269218","Myoblast_Cell T48_CT_F","T48_CT_F07","Illumina HiSeq 2500","HWI-ST1233","231","H0KLJADXX","1","48h","SC","control well: FALSE","debris: FALSE","cells in well: 1","T48_CT_F07","48h_GSM1269218",0.117647058823529
"SRR1033169","GSM1269219","Myoblast_Cell T48_CT_F","T48_CT_F08","Illumina HiSeq 2500","HWI-ST1233","231","H0KLJADXX","1","48h","SC","control well: FALSE","debris: FALSE","cells in well: 0","T48_CT_F08","48h_GSM1269219",0.103979488048822
"SRR1033170","GSM1269220","Myoblast_Cell T48_CT_F","T48_CT_F09","Illumina HiSeq 2500","HWI-ST1233","231","H0KLJADXX","1","48h","SC","control well: FALSE","debris: FALSE","cells in well: 1","T48_CT_F09","48h_GSM1269220",0.120062722495338
"SRR1033171","GSM1269221","Myoblast_Cell T48_CT_F","T48_CT_F10","Illumina HiSeq 2500","HWI-ST1233","231","H0KLJADXX","1","48h","SC","control well: FALSE","debris: FALSE","cells in well: 1","T48_CT_F10","48h_GSM1269221",0.0845270384810985
"SRR1033172","GSM1269222","Myoblast_Cell T48_CT_F","T48_CT_F11","Illumina HiSeq 2500","HWI-ST1233","231","H0KLJADXX","1","48h","SC","control well: FALSE","debris: FALSE","cells in well: 1","T48_CT_F11","48h_GSM1269222",0.125339040515342
"SRR1033173","GSM1269223","Myoblast_Cell T48_CT_F","T48_CT_F12","Illumina HiSeq 2500","HWI-ST1233","231","H0KLJADXX","1","48h","SC","control well: FALSE","debris: FALSE","cells in well: 1","T48_CT_F12","48h_GSM1269223",0.0533988811662994
"SRR1033174","GSM1269224","Myoblast_Cell T48_CT_G","T48_CT_G01","Illumina HiSeq 2500","HWI-ST1233","231","H0KLJADXX","1","48h","SC","control well: FALSE","debris: FALSE","cells in well: 1","T48_CT_G01","48h_GSM1269224",0.110548398033565
"SRR1033175","GSM1269225","Myoblast_Cell T48_CT_G","T48_CT_G02","Illumina HiSeq 2500","HWI-ST1233","231","H0KLJADXX","1","48h","SC","control well: FALSE","debris: FALSE","cells in well: 1","T48_CT_G02","48h_GSM1269225",0.133666723173419
"SRR1033176","GSM1269226","Myoblast_Cell T48_CT_G","T48_CT_G03","Illumina HiSeq 2500","HWI-ST1233","231","H0KLJADXX","1","48h","SC","control well: FALSE","debris: FALSE","cells in well: 1","T48_CT_G03","48h_GSM1269226",0.119617731818952
"SRR1033177","GSM1269227","Myoblast_Cell T48_CT_G","T48_CT_G04","Illumina HiSeq 2500","HWI-ST1233","231","H0KLJADXX","1","48h","SC","control well: FALSE","debris: FALSE","cells in well: 0","T48_CT_G04","48h_GSM1269227",0.0403034412612307
"SRR1033178","GSM1269228","Myoblast_Cell T48_CT_G","T48_CT_G05","Illumina HiSeq 2500","HWI-ST1233","231","H0KLJADXX","1","48h","SC","control well: FALSE","debris: FALSE","cells in well: 0","T48_CT_G05","48h_GSM1269228",0.0156806238345482
"SRR1033179","GSM1269229","Myoblast_Cell T48_CT_G","T48_CT_G06","Illumina HiSeq 2500","HWI-ST1233","231","H0KLJADXX","1","48h","SC","control well: FALSE","debris: FALSE","cells in well: 0","T48_CT_G06","48h_GSM1269229",0.0387989489744024
"SRR1033180","GSM1269230","Myoblast_Cell T48_CT_G","T48_CT_G07","Illumina HiSeq 2500","HWI-ST1233","231","H0KLJADXX","1","48h","SC","control well: FALSE","debris: FALSE","cells in well: 1","T48_CT_G07","48h_GSM1269230",0.105717070689947
"SRR1033181","GSM1269231","Myoblast_Cell T48_CT_G","T48_CT_G08","Illumina HiSeq 2500","HWI-ST1233","231","H0KLJADXX","1","48h","SC","control well: FALSE","debris: FALSE","cells in well: 1","T48_CT_G08","48h_GSM1269231",0.133560773012375
"SRR1033182","GSM1269232","Myoblast_Cell T48_CT_G","T48_CT_G09","Illumina HiSeq 2500","HWI-ST1233","231","H0KLJADXX","1","48h","SC","control well: FALSE","debris: FALSE","cells in well: 1","T48_CT_G09","48h_GSM1269232",0.140998474317681
"SRR1033183","GSM1269233","Myoblast_Cell T48_CT_G","T48_CT_G10","Illumina HiSeq 2500","HWI-ST1233","231","H0KLJADXX","1","48h","SC","control well: FALSE","debris: FALSE","cells in well: 1","T48_CT_G10","48h_GSM1269233",0.126864722834379
"SRR1033184","GSM1269234","Myoblast_Cell T48_CT_G","T48_CT_G11","Illumina HiSeq 2500","HWI-ST1233","231","H0KLJADXX","1","48h","SC","control well: FALSE","debris: FALSE","cells in well: 1","T48_CT_G11","48h_GSM1269234",0.121376504492287
"SRR1033185","GSM1269235","Myoblast_Cell T48_CT_G","T48_CT_G12","Illumina HiSeq 2500","HWI-ST1233","231","H0KLJADXX","1","48h","SC","control well: FALSE","debris: FALSE","cells in well: 1","T48_CT_G12","48h_GSM1269235",0.107539413459908
"SRR1033186","GSM1269236","Myoblast_Cell T48_CT_H","T48_CT_H01","Illumina HiSeq 2500","HWI-ST1233","231","H0KLJADXX","1","48h","SC","control well: FALSE","debris: FALSE","cells in well: 1","T48_CT_H01","48h_GSM1269236",0.0874088828615019
"SRR1033187","GSM1269237","Myoblast_Cell T48_CT_H","T48_CT_H02","Illumina HiSeq 2500","HWI-ST1233","231","H0KLJADXX","1","48h","SC","control well: FALSE","debris: FALSE","cells in well: 1","T48_CT_H02","48h_GSM1269237",0.146931683336159
"SRR1033188","GSM1269238","Myoblast_Cell T48_CT_H","T48_CT_H03","Illumina HiSeq 2500","HWI-ST1233","231","H0KLJADXX","1","48h","SC","control well: TRUE","debris: FALSE","cells in well: ~250","T48_CT_H03","48h_GSM1269238",0.156043397185964
"SRR1033189","GSM1269239","Myoblast_Cell T48_CT_H","T48_CT_H04","Illumina HiSeq 2500","HWI-ST1233","231","H0KLJADXX","1","48h","SC","control well: FALSE","debris: FALSE","cells in well: 1","T48_CT_H04","48h_GSM1269239",0.0618325139854213
"SRR1033190","GSM1269240","Myoblast_Cell T48_CT_H","T48_CT_H05","Illumina HiSeq 2500","HWI-ST1233","231","H0KLJADXX","1","48h","SC","control well: FALSE","debris: FALSE","cells in well: 1","T48_CT_H05","48h_GSM1269240",0.103767587726733
"SRR1033191","GSM1269241","Myoblast_Cell T48_CT_H","T48_CT_H06","Illumina HiSeq 2500","HWI-ST1233","231","H0KLJADXX","1","48h","SC","control well: FALSE","debris: FALSE","cells in well: 1","T48_CT_H06","48h_GSM1269241",0.106713002203763
"SRR1033192","GSM1269242","Myoblast_Cell T48_CT_H","T48_CT_H07","Illumina HiSeq 2500","HWI-ST1233","231","H0KLJADXX","1","48h","SC","control well: FALSE","debris: FALSE","cells in well: 1","T48_CT_H07","48h_GSM1269242",0.104424478725208
"SRR1033193","GSM1269243","Myoblast_Cell T48_CT_H","T48_CT_H08","Illumina HiSeq 2500","HWI-ST1233","231","H0KLJADXX","1","48h","SC","control well: FALSE","debris: FALSE","cells in well: 1","T48_CT_H08","48h_GSM1269243",0.142036785895915
"SRR1033194","GSM1269244","Myoblast_Cell T48_CT_H","T48_CT_H09","Illumina HiSeq 2500","HWI-ST1233","231","H0KLJADXX","1","48h","SC","control well: FALSE","debris: FALSE","cells in well: 1","T48_CT_H09","48h_GSM1269244",0.0903966774029497
"SRR1033195","GSM1269245","Myoblast_Cell T48_CT_H","T48_CT_H10","Illumina HiSeq 2500","HWI-ST1233","231","H0KLJADXX","1","48h","SC","control well: FALSE","debris: FALSE","cells in well: 0","T48_CT_H10","48h_GSM1269245",0.0442871673164943
"SRR1033196","GSM1269246","Myoblast_Cell T48_CT_H","T48_CT_H11","Illumina HiSeq 2500","HWI-ST1233","231","H0KLJADXX","1","48h","SC","control well: FALSE","debris: FALSE","cells in well: 1","T48_CT_H11","48h_GSM1269246",0.119681301915579
"SRR1033197","GSM1269247","Myoblast_Cell T48_CT_H","T48_CT_H12","Illumina HiSeq 2500","HWI-ST1233","231","H0KLJADXX","1","48h","SC","control well: FALSE","debris: FALSE","cells in well: 1","T48_CT_H12","48h_GSM1269247",0.105060179691473
"SRR1033198","GSM1269248","Myoblast_Cell T72_CT_A","T72_CT_A01","Illumina HiSeq 2000",NA,NA,"C268PACXX130720","4","72h","SC","control well: FALSE","debris: FALSE","cells in well: 1","T72_CT_A01","72h_GSM1269248",0.135997626716393
"SRR1033199","GSM1269249","Myoblast_Cell T72_CT_A","T72_CT_A02","Illumina HiSeq 2000",NA,NA,"C268PACXX130720","4","72h","SC","control well: FALSE","debris: TRUE","cells in well: 1","T72_CT_A02","72h_GSM1269249",0.0101288353958298
"SRR1033200","GSM1269250","Myoblast_Cell T72_CT_A","T72_CT_A05","Illumina HiSeq 2000",NA,NA,"C268PACXX130720","4","72h","SC","control well: FALSE","debris: FALSE","cells in well: 1","T72_CT_A05","72h_GSM1269250",0.152313951517206
"SRR1033201","GSM1269251","Myoblast_Cell T72_CT_A","T72_CT_A06","Illumina HiSeq 2000",NA,NA,"C268PACXX130720","4","72h","SC","control well: FALSE","debris: FALSE","cells in well: 1","T72_CT_A06","72h_GSM1269251",0.120232242753009
"SRR1033202","GSM1269252","Myoblast_Cell T72_CT_A","T72_CT_A07","Illumina HiSeq 2000",NA,NA,"C268PACXX130720","4","72h","SC","control well: FALSE","debris: TRUE","cells in well: 1","T72_CT_A07","72h_GSM1269252",0.135001695202577
"SRR1033203","GSM1269253","Myoblast_Cell T72_CT_A","T72_CT_A08","Illumina HiSeq 2000",NA,NA,"C268PACXX130720","4","72h","SC","control well: FALSE","debris: FALSE","cells in well: 1","T72_CT_A08","72h_GSM1269253",0.12684353280217
"SRR1033204","GSM1269254","Myoblast_Cell T72_CT_A","T72_CT_A09","Illumina HiSeq 2000",NA,NA,"C268PACXX130720","4","72h","SC","control well: FALSE","debris: FALSE","cells in well: 1","T72_CT_A09","72h_GSM1269254",0.176195117816579
"SRR1033205","GSM1269255","Myoblast_Cell T72_CT_A","T72_CT_A10","Illumina HiSeq 2000",NA,NA,"C268PACXX130720","4","72h","SC","control well: FALSE","debris: TRUE","cells in well: 1","T72_CT_A10","72h_GSM1269255",0.181916426512968
"SRR1033206","GSM1269256","Myoblast_Cell T72_CT_A","T72_CT_A11","Illumina HiSeq 2000",NA,NA,"C268PACXX130720","4","72h","SC","control well: FALSE","debris: FALSE","cells in well: 1","T72_CT_A11","72h_GSM1269256",0.139260891676555
"SRR1033207","GSM1269257","Myoblast_Cell T72_CT_B","T72_CT_B01","Illumina HiSeq 2000",NA,NA,"C268PACXX130720","4","72h","SC","control well: FALSE","debris: FALSE","cells in well: 1","T72_CT_B01","72h_GSM1269257",0.138392100355993
"SRR1033208","GSM1269258","Myoblast_Cell T72_CT_B","T72_CT_B02","Illumina HiSeq 2000",NA,NA,"C268PACXX130720","4","72h","SC","control well: FALSE","debris: FALSE","cells in well: 1","T72_CT_B02","72h_GSM1269258",0.136696897779285
"SRR1033209","GSM1269259","Myoblast_Cell T72_CT_B","T72_CT_B03","Illumina HiSeq 2000",NA,NA,"C268PACXX130720","4","72h","SC","control well: FALSE","debris: FALSE","cells in well: 1","T72_CT_B03","72h_GSM1269259",0.151678250550941
"SRR1033210","GSM1269260","Myoblast_Cell T72_CT_B","T72_CT_B04","Illumina HiSeq 2000",NA,NA,"C268PACXX130720","4","72h","SC","control well: FALSE","debris: FALSE","cells in well: 1","T72_CT_B04","72h_GSM1269260",0.137968299711816
"SRR1033211","GSM1269261","Myoblast_Cell T72_CT_B","T72_CT_B05","Illumina HiSeq 2000",NA,NA,"C268PACXX130720","4","72h","SC","control well: FALSE","debris: FALSE","cells in well: 1","T72_CT_B05","72h_GSM1269261",0.180687404644855
"SRR1033212","GSM1269262","Myoblast_Cell T72_CT_B","T72_CT_B06","Illumina HiSeq 2000",NA,NA,"C268PACXX130720","4","72h","SC","control well: FALSE","debris: FALSE","cells in well: 1","T72_CT_B06","72h_GSM1269262",0.143244617731819
"SRR1033213","GSM1269263","Myoblast_Cell T72_CT_B","T72_CT_B07","Illumina HiSeq 2000",NA,NA,"C268PACXX130720","4","72h","SC","control well: FALSE","debris: FALSE","cells in well: 0","T72_CT_B07","72h_GSM1269263",0.098342939481268
"SRR1033214","GSM1269264","Myoblast_Cell T72_CT_B","T72_CT_B08","Illumina HiSeq 2000",NA,NA,"C268PACXX130720","4","72h","SC","control well: FALSE","debris: FALSE","cells in well: 1","T72_CT_B08","72h_GSM1269264",0.145914561790134
"SRR1033215","GSM1269265","Myoblast_Cell T72_CT_B","T72_CT_B09","Illumina HiSeq 2000",NA,NA,"C268PACXX130720","4","72h","SC","control well: FALSE","debris: FALSE","cells in well: 1","T72_CT_B09","72h_GSM1269265",0.0853534497372436
"SRR1033216","GSM1269266","Myoblast_Cell T72_CT_B","T72_CT_B10","Illumina HiSeq 2000",NA,NA,"C268PACXX130720","4","72h","SC","control well: FALSE","debris: FALSE","cells in well: 1","T72_CT_B10","72h_GSM1269266",0.182869977962367
"SRR1033217","GSM1269267","Myoblast_Cell T72_CT_B","T72_CT_B11","Illumina HiSeq 2000",NA,NA,"C268PACXX130720","4","72h","SC","control well: FALSE","debris: FALSE","cells in well: 1","T72_CT_B11","72h_GSM1269267",0.143350567892863
"SRR1033218","GSM1269268","Myoblast_Cell T72_CT_B","T72_CT_B12","Illumina HiSeq 2000",NA,NA,"C268PACXX130720","4","72h","SC","control well: FALSE","debris: FALSE","cells in well: 1","T72_CT_B12","72h_GSM1269268",0.146804543142906
"SRR1033219","GSM1269269","Myoblast_Cell T72_CT_C","T72_CT_C01","Illumina HiSeq 2000",NA,NA,"C268PACXX130720","4","72h","SC","control well: FALSE","debris: FALSE","cells in well: 1","T72_CT_C01","72h_GSM1269269",0.137417358874385
"SRR1033220","GSM1269270","Myoblast_Cell T72_CT_C","T72_CT_C02","Illumina HiSeq 2000",NA,NA,"C268PACXX130720","4","72h","SC","control well: FALSE","debris: FALSE","cells in well: 1","T72_CT_C02","72h_GSM1269270",0.0139006611290049
"SRR1033221","GSM1269271","Myoblast_Cell T72_CT_C","T72_CT_C03","Illumina HiSeq 2000",NA,NA,"C268PACXX130720","4","72h","SC","control well: FALSE","debris: FALSE","cells in well: 1","T72_CT_C03","72h_GSM1269271",0.0136887608069164
"SRR1033222","GSM1269272","Myoblast_Cell T72_CT_C","T72_CT_C04","Illumina HiSeq 2000",NA,NA,"C268PACXX130720","4","72h","SC","control well: FALSE","debris: FALSE","cells in well: 1","T72_CT_C04","72h_GSM1269272",0.133052212239363
"SRR1033223","GSM1269273","Myoblast_Cell T72_CT_C","T72_CT_C06","Illumina HiSeq 2000",NA,NA,"C268PACXX130720","4","72h","SC","control well: FALSE","debris: FALSE","cells in well: 1","T72_CT_C06","72h_GSM1269273",0.15114849974572
"SRR1033224","GSM1269274","Myoblast_Cell T72_CT_C","T72_CT_C07","Illumina HiSeq 2000",NA,NA,"C268PACXX130720","4","72h","SC","control well: FALSE","debris: FALSE","cells in well: 1","T72_CT_C07","72h_GSM1269274",0.158056450245804
"SRR1033225","GSM1269275","Myoblast_Cell T72_CT_C","T72_CT_C08","Illumina HiSeq 2000",NA,NA,"C268PACXX130720","4","72h","SC","control well: FALSE","debris: TRUE","cells in well: 1","T72_CT_C08","72h_GSM1269275",0.116418036955416
"SRR1033226","GSM1269276","Myoblast_Cell T72_CT_C","T72_CT_C09","Illumina HiSeq 2000",NA,NA,"C268PACXX130720","4","72h","SC","control well: FALSE","debris: FALSE","cells in well: 1","T72_CT_C09","72h_GSM1269276",0.146274792337684
"SRR1033227","GSM1269277","Myoblast_Cell T72_CT_C","T72_CT_C10","Illumina HiSeq 2000",NA,NA,"C268PACXX130720","4","72h","SC","control well: FALSE","debris: FALSE","cells in well: 1","T72_CT_C10","72h_GSM1269277",0.200987455500932
"SRR1033228","GSM1269278","Myoblast_Cell T72_CT_C","T72_CT_C11","Illumina HiSeq 2000",NA,NA,"C268PACXX130720","4","72h","SC","control well: FALSE","debris: FALSE","cells in well: 1","T72_CT_C11","72h_GSM1269278",0.177805560264452
"SRR1033229","GSM1269279","Myoblast_Cell T72_CT_C","T72_CT_C12","Illumina HiSeq 2000",NA,NA,"C268PACXX130720","4","72h","SC","control well: FALSE","debris: FALSE","cells in well: 0","T72_CT_C12","72h_GSM1269279",0.0552847940328869
"SRR1033230","GSM1269280","Myoblast_Cell T72_CT_D","T72_CT_D01","Illumina HiSeq 2000",NA,NA,"C268PACXX130720","4","72h","SC","control well: FALSE","debris: FALSE","cells in well: 1","T72_CT_D01","72h_GSM1269280",0.150322088489575
"SRR1033231","GSM1269281","Myoblast_Cell T72_CT_D","T72_CT_D02","Illumina HiSeq 2000",NA,NA,"C268PACXX130720","4","72h","SC","control well: FALSE","debris: FALSE","cells in well: 1","T72_CT_D02","72h_GSM1269281",0.0653500593320902
"SRR1033232","GSM1269282","Myoblast_Cell T72_CT_D","T72_CT_D03","Illumina HiSeq 2000",NA,NA,"C268PACXX130720","4","72h","SC","control well: FALSE","debris: FALSE","cells in well: 1","T72_CT_D03","72h_GSM1269282",0.160281403627734
"SRR1033233","GSM1269283","Myoblast_Cell T72_CT_D","T72_CT_D04","Illumina HiSeq 2000",NA,NA,"C268PACXX130720","4","72h","SC","control well: FALSE","debris: FALSE","cells in well: 1","T72_CT_D04","72h_GSM1269283",0.148330225461943
"SRR1033234","GSM1269284","Myoblast_Cell T72_CT_D","T72_CT_D05","Illumina HiSeq 2000",NA,NA,"C268PACXX130720","4","72h","SC","control well: FALSE","debris: FALSE","cells in well: 1","T72_CT_D05","72h_GSM1269284",0.148139515172063
"SRR1033235","GSM1269285","Myoblast_Cell T72_CT_D","T72_CT_D06","Illumina HiSeq 2000",NA,NA,"C268PACXX130720","4","72h","SC","control well: FALSE","debris: FALSE","cells in well: 0","T72_CT_D06","72h_GSM1269285",0.0687616545177149
"SRR1033236","GSM1269286","Myoblast_Cell T72_CT_D","T72_CT_D07","Illumina HiSeq 2000",NA,NA,"C268PACXX130720","4","72h","SC","control well: FALSE","debris: FALSE","cells in well: 1","T72_CT_D07","72h_GSM1269286",0.151275639938973
"SRR1033237","GSM1269287","Myoblast_Cell T72_CT_D","T72_CT_D08","Illumina HiSeq 2000",NA,NA,"C268PACXX130720","4","72h","SC","control well: FALSE","debris: TRUE","cells in well: 1","T72_CT_D08","72h_GSM1269287",0.162697067299542
"SRR1033238","GSM1269288","Myoblast_Cell T72_CT_D","T72_CT_D09","Illumina HiSeq 2000",NA,NA,"C268PACXX130720","4","72h","SC","control well: FALSE","debris: FALSE","cells in well: 2","T72_CT_D09","72h_GSM1269288",0.157124088828615
"SRR1033239","GSM1269289","Myoblast_Cell T72_CT_D","T72_CT_D10","Illumina HiSeq 2000",NA,NA,"C268PACXX130720","4","72h","SC","control well: FALSE","debris: FALSE","cells in well: 1","T72_CT_D10","72h_GSM1269289",0.174054924563485
"SRR1033240","GSM1269290","Myoblast_Cell T72_CT_D","T72_CT_D11","Illumina HiSeq 2000",NA,NA,"C268PACXX130720","4","72h","SC","control well: FALSE","debris: FALSE","cells in well: 1","T72_CT_D11","72h_GSM1269290",0.137184268520088
"SRR1033241","GSM1269291","Myoblast_Cell T72_CT_D","T72_CT_D12","Illumina HiSeq 2000",NA,NA,"C268PACXX130720","4","72h","SC","control well: FALSE","debris: FALSE","cells in well: 1","T72_CT_D12","72h_GSM1269291",0.131950330564502
"SRR1033242","GSM1269292","Myoblast_Cell T72_CT_E","T72_CT_E01","Illumina HiSeq 2000",NA,NA,"C268PACXX130720","4","72h","SC","control well: FALSE","debris: FALSE","cells in well: 1","T72_CT_E01","72h_GSM1269292",0.169477877606374
"SRR1033243","GSM1269293","Myoblast_Cell T72_CT_E","T72_CT_E02","Illumina HiSeq 2000",NA,NA,"C268PACXX130720","4","72h","SC","control well: FALSE","debris: FALSE","cells in well: 1","T72_CT_E02","72h_GSM1269293",0.00548821834209188
"SRR1033244","GSM1269294","Myoblast_Cell T72_CT_E","T72_CT_E03","Illumina HiSeq 2000",NA,NA,"C268PACXX130720","4","72h","SC","control well: FALSE","debris: FALSE","cells in well: 1","T72_CT_E03","72h_GSM1269294",0.0102771656212917
"SRR1033245","GSM1269295","Myoblast_Cell T72_CT_E","T72_CT_E04","Illumina HiSeq 2000",NA,NA,"C268PACXX130720","4","72h","SC","control well: FALSE","debris: FALSE","cells in well: 1","T72_CT_E04","72h_GSM1269295",0.1321834209188
"SRR1033246","GSM1269296","Myoblast_Cell T72_CT_E","T72_CT_E05","Illumina HiSeq 2000",NA,NA,"C268PACXX130720","4","72h","SC","control well: FALSE","debris: FALSE","cells in well: 1","T72_CT_E05","72h_GSM1269296",0.148796406170537
"SRR1033247","GSM1269297","Myoblast_Cell T72_CT_E","T72_CT_E06","Illumina HiSeq 2000",NA,NA,"C268PACXX130720","4","72h","SC","control well: FALSE","debris: FALSE","cells in well: 1","T72_CT_E06","72h_GSM1269297",0.0494151551110358
"SRR1033248","GSM1269298","Myoblast_Cell T72_CT_E","T72_CT_E07","Illumina HiSeq 2000",NA,NA,"C268PACXX130720","4","72h","SC","control well: FALSE","debris: FALSE","cells in well: 1","T72_CT_E07","72h_GSM1269298",0.136336667231734
"SRR1033249","GSM1269299","Myoblast_Cell T72_CT_E","T72_CT_E08","Illumina HiSeq 2000",NA,NA,"C268PACXX130720","4","72h","SC","control well: FALSE","debris: FALSE","cells in well: 0","T72_CT_E08","72h_GSM1269299",0.0588659094761824
"SRR1033250","GSM1269300","Myoblast_Cell T72_CT_E","T72_CT_E12","Illumina HiSeq 2000",NA,NA,"C268PACXX130720","4","72h","SC","control well: FALSE","debris: FALSE","cells in well: 0","T72_CT_E12","72h_GSM1269300",0.0152780132225801
"SRR1033251","GSM1269301","Myoblast_Cell T72_CT_F","T72_CT_F01","Illumina HiSeq 2000",NA,NA,"C268PACXX130720","4","72h","SC","control well: FALSE","debris: FALSE","cells in well: 1","T72_CT_F01","72h_GSM1269301",0.134111713849805
"SRR1033252","GSM1269302","Myoblast_Cell T72_CT_F","T72_CT_F02","Illumina HiSeq 2000",NA,NA,"C268PACXX130720","4","72h","SC","control well: FALSE","debris: FALSE","cells in well: 0","T72_CT_F02","72h_GSM1269302",0.0703297169011697
"SRR1033253","GSM1269303","Myoblast_Cell T72_CT_F","T72_CT_F04","Illumina HiSeq 2000",NA,NA,"C268PACXX130720","4","72h","SC","control well: FALSE","debris: FALSE","cells in well: 1","T72_CT_F04","72h_GSM1269303",0.121927445329717
"SRR1033254","GSM1269304","Myoblast_Cell T72_CT_F","T72_CT_F05","Illumina HiSeq 2000",NA,NA,"C268PACXX130720","4","72h","SC","control well: FALSE","debris: FALSE","cells in well: 1","T72_CT_F05","72h_GSM1269304",0.127097813188676
"SRR1033255","GSM1269305","Myoblast_Cell T72_CT_F","T72_CT_F07","Illumina HiSeq 2000",NA,NA,"C268PACXX130720","4","72h","SC","control well: FALSE","debris: FALSE","cells in well: 1","T72_CT_F07","72h_GSM1269305",0.142418206475674
"SRR1033256","GSM1269306","Myoblast_Cell T72_CT_F","T72_CT_F08","Illumina HiSeq 2000",NA,NA,"C268PACXX130720","4","72h","SC","control well: FALSE","debris: FALSE","cells in well: 0","T72_CT_F08","72h_GSM1269306",0.0427402949652483
"SRR1033257","GSM1269307","Myoblast_Cell T72_CT_F","T72_CT_F09","Illumina HiSeq 2000",NA,NA,"C268PACXX130720","4","72h","SC","control well: FALSE","debris: TRUE","cells in well: 1","T72_CT_F09","72h_GSM1269307",0.157992880149178
"SRR1033258","GSM1269308","Myoblast_Cell T72_CT_F","T72_CT_F10","Illumina HiSeq 2000",NA,NA,"C268PACXX130720","4","72h","SC","control well: FALSE","debris: FALSE","cells in well: 1","T72_CT_F10","72h_GSM1269308",0.146486692659773
"SRR1033259","GSM1269309","Myoblast_Cell T72_CT_F","T72_CT_F11","Illumina HiSeq 2000",NA,NA,"C268PACXX130720","4","72h","SC","control well: FALSE","debris: FALSE","cells in well: 1","T72_CT_F11","72h_GSM1269309",0.159094761824038
"SRR1033260","GSM1269310","Myoblast_Cell T72_CT_G","T72_CT_G02","Illumina HiSeq 2000",NA,NA,"C268PACXX130720","4","72h","SC","control well: FALSE","debris: FALSE","cells in well: 0","T72_CT_G02","72h_GSM1269310",0.0651593490422105
"SRR1033261","GSM1269311","Myoblast_Cell T72_CT_G","T72_CT_G03","Illumina HiSeq 2000",NA,NA,"C268PACXX130720","4","72h","SC","control well: FALSE","debris: FALSE","cells in well: 1","T72_CT_G03","72h_GSM1269311",0.136188337006272
"SRR1033262","GSM1269312","Myoblast_Cell T72_CT_G","T72_CT_G04","Illumina HiSeq 2000",NA,NA,"C268PACXX130720","4","72h","SC","control well: FALSE","debris: FALSE","cells in well: 1","T72_CT_G04","72h_GSM1269312",0.125572130869639
"SRR1033263","GSM1269313","Myoblast_Cell T72_CT_G","T72_CT_G05","Illumina HiSeq 2000",NA,NA,"C268PACXX130720","4","72h","SC","control well: FALSE","debris: FALSE","cells in well: 0","T72_CT_G05","72h_GSM1269313",0.057234276996101
"SRR1033264","GSM1269314","Myoblast_Cell T72_CT_G","T72_CT_G06","Illumina HiSeq 2000",NA,NA,"C268PACXX130720","4","72h","SC","control well: FALSE","debris: FALSE","cells in well: 1","T72_CT_G06","72h_GSM1269314",0.11929988133582
"SRR1033265","GSM1269315","Myoblast_Cell T72_CT_G","T72_CT_G07","Illumina HiSeq 2000",NA,NA,"C268PACXX130720","4","72h","SC","control well: FALSE","debris: FALSE","cells in well: 1","T72_CT_G07","72h_GSM1269315",0.0207450415324631
"SRR1033266","GSM1269316","Myoblast_Cell T72_CT_G","T72_CT_G08","Illumina HiSeq 2000",NA,NA,"C268PACXX130720","4","72h","SC","control well: FALSE","debris: FALSE","cells in well: 1","T72_CT_G08","72h_GSM1269316",0.12813612476691
"SRR1033267","GSM1269317","Myoblast_Cell T72_CT_G","T72_CT_G09","Illumina HiSeq 2000",NA,NA,"C268PACXX130720","4","72h","SC","control well: FALSE","debris: FALSE","cells in well: 0","T72_CT_G09","72h_GSM1269317",0.20452619087981
"SRR1033268","GSM1269318","Myoblast_Cell T72_CT_G","T72_CT_G10","Illumina HiSeq 2000",NA,NA,"C268PACXX130720","4","72h","SC","control well: FALSE","debris: FALSE","cells in well: 1","T72_CT_G10","72h_GSM1269318",0.132967452110527
"SRR1033269","GSM1269319","Myoblast_Cell T72_CT_G","T72_CT_G11","Illumina HiSeq 2000",NA,NA,"C268PACXX130720","4","72h","SC","control well: FALSE","debris: FALSE","cells in well: 1","T72_CT_G11","72h_GSM1269319",0.110675538226818
"SRR1033270","GSM1269320","Myoblast_Cell T72_CT_G","T72_CT_G12","Illumina HiSeq 2000",NA,NA,"C268PACXX130720","4","72h","SC","control well: FALSE","debris: TRUE","cells in well: 1","T72_CT_G12","72h_GSM1269320",0.138519240549246
"SRR1033271","GSM1269321","Myoblast_Cell T72_CT_H","T72_CT_H01","Illumina HiSeq 2000",NA,NA,"C268PACXX130720","4","72h","SC","control well: FALSE","debris: FALSE","cells in well: 1","T72_CT_H01","72h_GSM1269321",0.134408374300729
"SRR1033272","GSM1269322","Myoblast_Cell T72_CT_H","T72_CT_H02","Illumina HiSeq 2000",NA,NA,"C268PACXX130720","4","72h","SC","control well: FALSE","debris: FALSE","cells in well: 0","T72_CT_H02","72h_GSM1269322",0.0595863705712833
"SRR1033273","GSM1269323","Myoblast_Cell T72_CT_H","T72_CT_H03","Illumina HiSeq 2000",NA,NA,"C268PACXX130720","4","72h","SC","control well: FALSE","debris: FALSE","cells in well: 1","T72_CT_H03","72h_GSM1269323",0.139684692320732
"SRR1033274","GSM1269324","Myoblast_Cell T72_CT_H","T72_CT_H04","Illumina HiSeq 2000",NA,NA,"C268PACXX130720","4","72h","SC","control well: FALSE","debris: FALSE","cells in well: 1","T72_CT_H04","72h_GSM1269324",0.0507289371079844
"SRR1033275","GSM1269325","Myoblast_Cell T72_CT_H","T72_CT_H05","Illumina HiSeq 2000",NA,NA,"C268PACXX130720","4","72h","SC","control well: FALSE","debris: FALSE","cells in well: 1","T72_CT_H05","72h_GSM1269325",0.15775978979488
"SRR1033276","GSM1269326","Myoblast_Cell T72_CT_H","T72_CT_H06","Illumina HiSeq 2000",NA,NA,"C268PACXX130720","4","72h","SC","control well: FALSE","debris: TRUE","cells in well: 0","T72_CT_H06","72h_GSM1269326",0.0144092219020173
"SRR1033277","GSM1269327","Myoblast_Cell T72_CT_H","T72_CT_H08","Illumina HiSeq 2000",NA,NA,"C268PACXX130720","4","72h","SC","control well: FALSE","debris: FALSE","cells in well: 1","T72_CT_H08","72h_GSM1269327",0.138201390066113
"SRR1033278","GSM1269328","Myoblast_Cell T72_CT_H","T72_CT_H09","Illumina HiSeq 2000",NA,NA,"C268PACXX130720","4","72h","SC","control well: FALSE","debris: FALSE","cells in well: 1","T72_CT_H09","72h_GSM1269328",0.151953720969656
"SRR1033279","GSM1269329","Myoblast_Cell T72_CT_H","T72_CT_H10","Illumina HiSeq 2000",NA,NA,"C268PACXX130720","4","72h","SC","control well: FALSE","debris: FALSE","cells in well: 1","T72_CT_H10","72h_GSM1269329",0.12997965756908
"SRR1033280","GSM1269330","Myoblast_Cell T72_CT_H","T72_CT_H11","Illumina HiSeq 2000",NA,NA,"C268PACXX130720","4","72h","SC","control well: FALSE","debris: FALSE","cells in well: 1","T72_CT_H11","72h_GSM1269330",0.130912018986269
"SRR1033281","GSM1269331","Myoblast_Cell T72_CT_H","T72_CT_H12","Illumina HiSeq 2000",NA,NA,"C268PACXX130720","4","72h","SC","control well: FALSE","debris: FALSE","cells in well: 1","T72_CT_H12","72h_GSM1269331",0.13881590100017
"SRR1033282","GSM1269332","Bulk RNA-Seq_0 hrs","T0_1","Illumina HiSeq 2500","HWI-ST1233","232","H0L1NADXX","2","0h","bulk","control well: FALSE","debris: FALSE","cells in well: ~200000","RNA-Seq, 0 hrs, replicate 1","0h_GSM1269332",0.270893371757925
"SRR1033283","GSM1269333","Bulk RNA-Seq_0 hrs","T0_2","Illumina HiSeq 2500","HWI-ST1233","232","H0L1NADXX","2","0h","bulk","control well: FALSE","debris: FALSE","cells in well: ~200000","RNA-Seq, 0 hrs, replicate 2","0h_GSM1269333",0.269961010340736
"SRR1033284","GSM1269334","Bulk RNA-Seq_0 hrs","T0_3","Illumina HiSeq 2500","HWI-ST1233","232","H0L1NADXX","2","0h","bulk","control well: FALSE","debris: FALSE","cells in well: ~200000","RNA-Seq, 0 hrs, replicate 3","0h_GSM1269334",0.270872181725716
"SRR1033285","GSM1269335","Bulk RNA-Seq_24 hrs","T24_1","Illumina HiSeq 2500","HWI-ST1233","232","H0L1NADXX","2","24h","bulk","control well: FALSE","debris: FALSE","cells in well: ~200000","RNA-Seq, 24 hrs, replicate 1","24h_GSM1269335",0.279178674351585
"SRR1033286","GSM1269336","Bulk RNA-Seq_24 hrs","T24_2","Illumina HiSeq 2500","HWI-ST1233","232","H0L1NADXX","2","24h","bulk","control well: FALSE","debris: FALSE","cells in well: ~200000","RNA-Seq, 24 hrs, replicate 2","24h_GSM1269336",0.279666045092389
"SRR1033287","GSM1269337","Bulk RNA-Seq_24 hrs","T24_3","Illumina HiSeq 2500","HWI-ST1233","232","H0L1NADXX","2","24h","bulk","control well: FALSE","debris: FALSE","cells in well: ~200000","RNA-Seq, 24 hrs, replicate 3","24h_GSM1269337",0.279623665027971
"SRR1033288","GSM1269338","Bulk RNA-Seq_48 hrs","T48_1","Illumina HiSeq 2500","HWI-ST1233","232","H0L1NADXX","2","48h","bulk","control well: FALSE","debris: FALSE","cells in well: ~200000","RNA-Seq, 48 hrs, replicate 1","48h_GSM1269338",0.282060518731988
"SRR1033289","GSM1269339","Bulk RNA-Seq_48 hrs","T48_2","Illumina HiSeq 2500","HWI-ST1233","232","H0L1NADXX","2","48h","bulk","control well: FALSE","debris: FALSE","cells in well: ~200000","RNA-Seq, 48 hrs, replicate 2","48h_GSM1269339",0.280238175962027
"SRR1033290","GSM1269340","Bulk RNA-Seq_48 hrs","T48_3","Illumina HiSeq 2500","HWI-ST1233","232","H0L1NADXX","2","48h","bulk","control well: FALSE","debris: FALSE","cells in well: ~200000","RNA-Seq, 48 hrs, replicate 3","48h_GSM1269340",0.280407696219698
"SRR1033291","GSM1269341","Bulk RNA-Seq_72 hrs","T72_1","Illumina HiSeq 2500","HISEQ","622","H0B18ADXX","1","72h","bulk","control well: FALSE","debris: FALSE","cells in well: ~200000","RNA-Seq, 72 hrs, replicate 1","72h_GSM1269341",0.280979827089337
"SRR1033292","GSM1269342","Bulk RNA-Seq_72 hrs","T72_2","Illumina HiSeq 2500","HISEQ","622","H0B18ADXX","1","72h","bulk","control well: FALSE","debris: FALSE","cells in well: ~200000","RNA-Seq, 72 hrs, replicate 2","72h_GSM1269342",0.280534836412951
"SRR1033293","GSM1269343","Bulk RNA-Seq_72 hrs","T72_3","Illumina HiSeq 2500","HISEQ","622","H0B18ADXX","1","72h","bulk","control well: FALSE","debris: FALSE","cells in well: ~200000","RNA-Seq, 72 hrs, replicate 3","72h_GSM1269343",0.280365316155281
